2022/01/17 - 14:15:28		auto	GETACK	Appliance.System.All	{"system": {"hardware": {"type": "mts200", "subType": "eu", "version": "7.0.0", "chipType": "rtl8710cm", "uuid": "################################", "macAddress": "#################"}, "firmware": {"version": "7.3.15", "homekitVersion": "4.1", "compileTime": "2021/12/10-19:05:13", "encrypt": 1, "wifiMac": "#################", "innerIp": "##############", "server": "##################", "port": "###", "userId": "######"}, "time": {"timestamp": 1642425303, "timezone": "Europe/Berlin", "timeRule": [[1616893200, 7200, 1], [1635642000, 3600, 0], [1648342800, 7200, 1], [1667091600, 3600, 0], [1679792400, 7200, 1], [1698541200, 3600, 0], [1711846800, 7200, 1], [1729990800, 3600, 0], [1743296400, 7200, 1], [1761440400, 3600, 0], [1774746000, 7200, 1], [1792890000, 3600, 0], [1806195600, 7200, 1], [1824944400, 3600, 0], [1837645200, 7200, 1], [1856394000, 3600, 0], [1869094800, 7200, 1], [1887843600, 3600, 0], [1901149200, 7200, 1], [1919293200, 3600, 0]]}, "online": {"status": 1, "bindId": "KBYZs3g4iZdSrUKx", "who": 1}}, "digest": {"thermostat": {"mode": [{"channel": 0, "onoff": 1, "mode": 3, "state": 0, "currentTemp": 210, "heatTemp": 240, "coolTemp": 210, "ecoTemp": 120, "manualTemp": 230, "warning": 0, "targetTemp": 205, "min": 50, "max": 350, "lmTime": 1642425303}], "windowOpened": [{"channel": 0, "status": 0, "lmTime": 1642425303}]}}}
2022/01/17 - 14:15:28		auto	GETACK	Appliance.System.Ability	{"Appliance.Config.Key": {}, "Appliance.Config.WifiList": {}, "Appliance.Config.Wifi": {}, "Appliance.Config.WifiX": {}, "Appliance.Config.Trace": {}, "Appliance.Config.Info": {}, "Appliance.System.All": {}, "Appliance.System.Hardware": {}, "Appliance.System.Firmware": {}, "Appliance.System.Debug": {}, "Appliance.System.Online": {}, "Appliance.System.Time": {}, "Appliance.System.Clock": {}, "Appliance.System.Ability": {}, "Appliance.System.Runtime": {}, "Appliance.System.Report": {}, "Appliance.System.Position": {}, "Appliance.Mcu.Firmware": {}, "Appliance.Control.Multiple": {"maxCmdNum": 5}, "Appliance.Control.Bind": {}, "Appliance.Control.Unbind": {}, "Appliance.Control.Upgrade": {}, "Appliance.Control.PhysicalLock": {}, "Appliance.Control.Thermostat.HoldAction": {}, "Appliance.Control.Thermostat.Mode": {}, "Appliance.Control.Thermostat.Calibration": {}, "Appliance.Control.Thermostat.DeadZone": {}, "Appliance.Control.Thermostat.Frost": {}, "Appliance.Control.Thermostat.Overheat": {}, "Appliance.Control.Thermostat.WindowOpened": {}, "Appliance.Control.Thermostat.Schedule": {}, "Appliance.Digest.TriggerX": {}, "Appliance.Digest.TimerX": {}}
2022/01/17 - 14:15:28	TX	http	GET	Appliance.Config.Info	{"info": {}}
2022/01/17 - 14:15:28	RX	http	GETACK	Appliance.Config.Info	{"info": {"homekit": {"model": "MTS200", "sn": "908572210900543", "category": 9, "setupId": "V4O2", "setupCode": "875-07-352", "uuid": "####################################", "token": "####################################################################################################################################################################################################################################################################################################################################################################################################################################################################################"}}}
2022/01/17 - 14:15:33	TX	http	GET	Appliance.System.All	{"all": {}}
2022/01/17 - 14:15:33	RX	http	GETACK	Appliance.System.All	{"all": {"system": {"hardware": {"type": "mts200", "subType": "eu", "version": "7.0.0", "chipType": "rtl8710cm", "uuid": "################################", "macAddress": "#################"}, "firmware": {"version": "7.3.15", "homekitVersion": "4.1", "compileTime": "2021/12/10-19:05:13", "encrypt": 1, "wifiMac": "#################", "innerIp": "##############", "server": "##################", "port": "###", "userId": "######"}, "time": {"timestamp": 1642425333, "timezone": "Europe/Berlin", "timeRule": [[1616893200, 7200, 1], [1635642000, 3600, 0], [1648342800, 7200, 1], [1667091600, 3600, 0], [1679792400, 7200, 1], [1698541200, 3600, 0], [1711846800, 7200, 1], [1729990800, 3600, 0], [1743296400, 7200, 1], [1761440400, 3600, 0], [1774746000, 7200, 1], [1792890000, 3600, 0], [1806195600, 7200, 1], [1824944400, 3600, 0], [1837645200, 7200, 1], [1856394000, 3600, 0], [1869094800, 7200, 1], [1887843600, 3600, 0], [1901149200, 7200, 1], [1919293200, 3600, 0]]}, "online": {"status": 1, "bindId": "KBYZs3g4iZdSrUKx", "who": 1}}, "digest": {"thermostat": {"mode": [{"channel": 0, "onoff": 1, "mode": 3, "state": 0, "currentTemp": 210, "heatTemp": 240, "coolTemp": 210, "ecoTemp": 120, "manualTemp": 230, "warning": 0, "targetTemp": 205, "min": 50, "max": 350, "lmTime": 1642425333}], "windowOpened": [{"channel": 0, "status": 0, "lmTime": 1642425333}]}}}}
2022/01/17 - 14:15:33	TX	http	GET	Appliance.System.Runtime	{"runtime": {}}
2022/01/17 - 14:15:33	RX	http	GETACK	Appliance.System.Runtime	{"runtime": {"signal": 100}}
2022/01/17 - 14:15:38	TX	http	GET	Appliance.System.Position	{"position": {}}
2022/01/17 - 14:15:38	RX	http	GETACK	Appliance.System.Position	{"position": {"longitude": 123456, "latitude": 123456}}
2022/01/17 - 14:15:43	TX	http	GET	Appliance.Mcu.Firmware	{"firmware": {}}
2022/01/17 - 14:15:45		auto	LOG	INFO	MerossDevice(2109301685957490857248e1e978bea9) client connection attempt(0) error in async_http_request: 502, message='Connection reset by peer', url=URL('http://172.16.112.203/config')
2022/01/17 - 14:15:45	TX	http	GET	Appliance.Mcu.Firmware	{"firmware": {}}
2022/01/17 - 14:15:46		auto	LOG	INFO	MerossDevice(2109301685957490857248e1e978bea9) client connection attempt(1) error in async_http_request: 502, message='Connection reset by peer', url=URL('http://172.16.112.203/config')
2022/01/17 - 14:15:46	TX	http	GET	Appliance.Mcu.Firmware	{"firmware": {}}
2022/01/17 - 14:15:47		auto	LOG	INFO	MerossDevice(2109301685957490857248e1e978bea9) client connection attempt(2) error in async_http_request: 502, message='Connection reset by peer', url=URL('http://172.16.112.203/config')
2022/01/17 - 14:15:47		auto	LOG	DEBUG	MerossDevice(2109301685957490857248e1e978bea9) going offline!
2022/01/17 - 14:15:48	TX	http	GET	Appliance.Control.PhysicalLock	{"physicallock": {}}
2022/01/17 - 14:15:48		auto	LOG	WARNING	MerossDevice(2109301685957490857248e1e978bea9) error in async_http_request: 502, message='Connection reset by peer', url=URL('http://172.16.112.203/config')
2022/01/17 - 14:15:53	TX	http	GET	Appliance.Control.Thermostat.HoldAction	{"holdaction": {}}
2022/01/17 - 14:15:53	RX	http	GETACK	Appliance.Control.Thermostat.HoldAction	{"holdAction": []}
2022/01/17 - 14:15:53		auto	LOG	DEBUG	MerossDevice(2109301685957490857248e1e978bea9) back online!
2022/01/17 - 14:15:53	TX	http	GET	Appliance.System.All	{"all": {}}
2022/01/17 - 14:15:54	RX	http	GETACK	Appliance.System.All	{"all": {"system": {"hardware": {"type": "mts200", "subType": "eu", "version": "7.0.0", "chipType": "rtl8710cm", "uuid": "################################", "macAddress": "#################"}, "firmware": {"version": "7.3.15", "homekitVersion": "4.1", "compileTime": "2021/12/10-19:05:13", "encrypt": 1, "wifiMac": "#################", "innerIp": "##############", "server": "##################", "port": "###", "userId": "######"}, "time": {"timestamp": 1642425354, "timezone": "Europe/Berlin", "timeRule": [[1616893200, 7200, 1], [1635642000, 3600, 0], [1648342800, 7200, 1], [1667091600, 3600, 0], [1679792400, 7200, 1], [1698541200, 3600, 0], [1711846800, 7200, 1], [1729990800, 3600, 0], [1743296400, 7200, 1], [1761440400, 3600, 0], [1774746000, 7200, 1], [1792890000, 3600, 0], [1806195600, 7200, 1], [1824944400, 3600, 0], [1837645200, 7200, 1], [1856394000, 3600, 0], [1869094800, 7200, 1], [1887843600, 3600, 0], [1901149200, 7200, 1], [1919293200, 3600, 0]]}, "online": {"status": 1, "bindId": "KBYZs3g4iZdSrUKx", "who": 1}}, "digest": {"thermostat": {"mode": [{"channel": 0, "onoff": 1, "mode": 3, "state": 0, "currentTemp": 210, "heatTemp": 240, "coolTemp": 210, "ecoTemp": 120, "manualTemp": 230, "warning": 0, "targetTemp": 205, "min": 50, "max": 350, "lmTime": 1642425354}], "windowOpened": [{"channel": 0, "status": 0, "lmTime": 1642425354}]}}}}
2022/01/17 - 14:15:58	TX	http	GET	Appliance.Control.Thermostat.Mode	{"mode": {}}
2022/01/17 - 14:15:58	RX	http	GETACK	Appliance.Control.Thermostat.Mode	{"mode": []}
2022/01/17 - 14:16:03	TX	http	GET	Appliance.System.All	{"all": {}}
2022/01/17 - 14:16:03	RX	http	GETACK	Appliance.System.All	{"all": {"system": {"hardware": {"type": "mts200", "subType": "eu", "version": "7.0.0", "chipType": "rtl8710cm", "uuid": "################################", "macAddress": "#################"}, "firmware": {"version": "7.3.15", "homekitVersion": "4.1", "compileTime": "2021/12/10-19:05:13", "encrypt": 1, "wifiMac": "#################", "innerIp": "##############", "server": "##################", "port": "###", "userId": "######"}, "time": {"timestamp": 1642425363, "timezone": "Europe/Berlin", "timeRule": [[1616893200, 7200, 1], [1635642000, 3600, 0], [1648342800, 7200, 1], [1667091600, 3600, 0], [1679792400, 7200, 1], [1698541200, 3600, 0], [1711846800, 7200, 1], [1729990800, 3600, 0], [1743296400, 7200, 1], [1761440400, 3600, 0], [1774746000, 7200, 1], [1792890000, 3600, 0], [1806195600, 7200, 1], [1824944400, 3600, 0], [1837645200, 7200, 1], [1856394000, 3600, 0], [1869094800, 7200, 1], [1887843600, 3600, 0], [1901149200, 7200, 1], [1919293200, 3600, 0]]}, "online": {"status": 1, "bindId": "KBYZs3g4iZdSrUKx", "who": 1}}, "digest": {"thermostat": {"mode": [{"channel": 0, "onoff": 1, "mode": 3, "state": 0, "currentTemp": 210, "heatTemp": 240, "coolTemp": 210, "ecoTemp": 120, "manualTemp": 230, "warning": 0, "targetTemp": 205, "min": 50, "max": 350, "lmTime": 1642425363}], "windowOpened": [{"channel": 0, "status": 0, "lmTime": 1642425363}]}}}}
2022/01/17 - 14:16:03	TX	http	GET	Appliance.Control.Thermostat.Calibration	{"calibration": {}}
2022/01/17 - 14:16:03	RX	http	GETACK	Appliance.Control.Thermostat.Calibration	{"calibration": []}
2022/01/17 - 14:16:08	TX	http	GET	Appliance.Control.Thermostat.DeadZone	{"deadzone": {}}
2022/01/17 - 14:16:08	RX	http	GETACK	Appliance.Control.Thermostat.DeadZone	{"deadZone": []}
2022/01/17 - 14:16:13	TX	http	GET	Appliance.Control.Thermostat.Frost	{"frost": {}}
2022/01/17 - 14:16:13	RX	http	GETACK	Appliance.Control.Thermostat.Frost	{"frost": []}
2022/01/17 - 14:16:18	TX	http	GET	Appliance.Control.Thermostat.Overheat	{"overheat": {}}
2022/01/17 - 14:16:18	RX	http	GETACK	Appliance.Control.Thermostat.Overheat	{"overheat": []}
2022/01/17 - 14:16:23	TX	http	GET	Appliance.Control.Thermostat.WindowOpened	{"windowopened": {}}
2022/01/17 - 14:16:23	RX	http	GETACK	Appliance.Control.Thermostat.WindowOpened	{"windowOpened": []}
2022/01/17 - 14:16:28	TX	http	GET	Appliance.Control.Thermostat.Schedule	{"schedule": {}}
2022/01/17 - 14:16:28	RX	http	GETACK	Appliance.Control.Thermostat.Schedule	{"schedule": []}
2022/01/17 - 14:16:33	TX	http	GET	Appliance.System.All	{"all": {}}
2022/01/17 - 14:16:33	RX	http	GETACK	Appliance.System.All	{"all": {"system": {"hardware": {"type": "mts200", "subType": "eu", "version": "7.0.0", "chipType": "rtl8710cm", "uuid": "################################", "macAddress": "#################"}, "firmware": {"version": "7.3.15", "homekitVersion": "4.1", "compileTime": "2021/12/10-19:05:13", "encrypt": 1, "wifiMac": "#################", "innerIp": "##############", "server": "##################", "port": "###", "userId": "######"}, "time": {"timestamp": 1642425393, "timezone": "Europe/Berlin", "timeRule": [[1616893200, 7200, 1], [1635642000, 3600, 0], [1648342800, 7200, 1], [1667091600, 3600, 0], [1679792400, 7200, 1], [1698541200, 3600, 0], [1711846800, 7200, 1], [1729990800, 3600, 0], [1743296400, 7200, 1], [1761440400, 3600, 0], [1774746000, 7200, 1], [1792890000, 3600, 0], [1806195600, 7200, 1], [1824944400, 3600, 0], [1837645200, 7200, 1], [1856394000, 3600, 0], [1869094800, 7200, 1], [1887843600, 3600, 0], [1901149200, 7200, 1], [1919293200, 3600, 0]]}, "online": {"status": 1, "bindId": "KBYZs3g4iZdSrUKx", "who": 1}}, "digest": {"thermostat": {"mode": [{"channel": 0, "onoff": 1, "mode": 3, "state": 0, "currentTemp": 210, "heatTemp": 240, "coolTemp": 210, "ecoTemp": 120, "manualTemp": 230, "warning": 0, "targetTemp": 205, "min": 50, "max": 350, "lmTime": 1642425393}], "windowOpened": [{"channel": 0, "status": 0, "lmTime": 1642425393}]}}}}
2022/01/17 - 14:16:33	TX	http	GET	Appliance.Digest.TriggerX	{"digest": []}
2022/01/17 - 14:16:33	RX	http	GETACK	Appliance.Digest.TriggerX	{"digest": []}
2022/01/17 - 14:16:38	TX	http	GET	Appliance.Digest.TimerX	{"digest": []}
2022/01/17 - 14:16:38	RX	http	GETACK	Appliance.Digest.TimerX	{}
2022/01/17 - 14:17:03	TX	http	GET	Appliance.System.All	{"all": {}}
2022/01/17 - 14:17:03	RX	http	GETACK	Appliance.System.All	{"all": {"system": {"hardware": {"type": "mts200", "subType": "eu", "version": "7.0.0", "chipType": "rtl8710cm", "uuid": "################################", "macAddress": "#################"}, "firmware": {"version": "7.3.15", "homekitVersion": "4.1", "compileTime": "2021/12/10-19:05:13", "encrypt": 1, "wifiMac": "#################", "innerIp": "##############", "server": "##################", "port": "###", "userId": "######"}, "time": {"timestamp": 1642425423, "timezone": "Europe/Berlin", "timeRule": [[1616893200, 7200, 1], [1635642000, 3600, 0], [1648342800, 7200, 1], [1667091600, 3600, 0], [1679792400, 7200, 1], [1698541200, 3600, 0], [1711846800, 7200, 1], [1729990800, 3600, 0], [1743296400, 7200, 1], [1761440400, 3600, 0], [1774746000, 7200, 1], [1792890000, 3600, 0], [1806195600, 7200, 1], [1824944400, 3600, 0], [1837645200, 7200, 1], [1856394000, 3600, 0], [1869094800, 7200, 1], [1887843600, 3600, 0], [1901149200, 7200, 1], [1919293200, 3600, 0]]}, "online": {"status": 1, "bindId": "KBYZs3g4iZdSrUKx", "who": 1}}, "digest": {"thermostat": {"mode": [{"channel": 0, "onoff": 1, "mode": 4, "state": 1, "currentTemp": 210, "heatTemp": 240, "coolTemp": 210, "ecoTemp": 120, "manualTemp": 230, "warning": 0, "targetTemp": 230, "min": 50, "max": 350, "lmTime": 1642425423}], "windowOpened": [{"channel": 0, "status": 0, "lmTime": 1642425423}]}}}}
2022/01/17 - 14:17:33	TX	http	GET	Appliance.System.All	{"all": {}}
2022/01/17 - 14:17:33	RX	http	GETACK	Appliance.System.All	{"all": {"system": {"hardware": {"type": "mts200", "subType": "eu", "version": "7.0.0", "chipType": "rtl8710cm", "uuid": "################################", "macAddress": "#################"}, "firmware": {"version": "7.3.15", "homekitVersion": "4.1", "compileTime": "2021/12/10-19:05:13", "encrypt": 1, "wifiMac": "#################", "innerIp": "##############", "server": "##################", "port": "###", "userId": "######"}, "time": {"timestamp": 1642425453, "timezone": "Europe/Berlin", "timeRule": [[1616893200, 7200, 1], [1635642000, 3600, 0], [1648342800, 7200, 1], [1667091600, 3600, 0], [1679792400, 7200, 1], [1698541200, 3600, 0], [1711846800, 7200, 1], [1729990800, 3600, 0], [1743296400, 7200, 1], [1761440400, 3600, 0], [1774746000, 7200, 1], [1792890000, 3600, 0], [1806195600, 7200, 1], [1824944400, 3600, 0], [1837645200, 7200, 1], [1856394000, 3600, 0], [1869094800, 7200, 1], [1887843600, 3600, 0], [1901149200, 7200, 1], [1919293200, 3600, 0]]}, "online": {"status": 1, "bindId": "KBYZs3g4iZdSrUKx", "who": 1}}, "digest": {"thermostat": {"mode": [{"channel": 0, "onoff": 1, "mode": 1, "state": 1, "currentTemp": 210, "heatTemp": 240, "coolTemp": 210, "ecoTemp": 120, "manualTemp": 230, "warning": 0, "targetTemp": 210, "min": 50, "max": 350, "lmTime": 1642425453}], "windowOpened": [{"channel": 0, "status": 0, "lmTime": 1642425453}]}}}}
2022/01/17 - 14:18:03	TX	http	GET	Appliance.System.All	{"all": {}}
2022/01/17 - 14:18:03	RX	http	GETACK	Appliance.System.All	{"all": {"system": {"hardware": {"type": "mts200", "subType": "eu", "version": "7.0.0", "chipType": "rtl8710cm", "uuid": "################################", "macAddress": "#################"}, "firmware": {"version": "7.3.15", "homekitVersion": "4.1", "compileTime": "2021/12/10-19:05:13", "encrypt": 1, "wifiMac": "#################", "innerIp": "##############", "server": "##################", "port": "###", "userId": "######"}, "time": {"timestamp": 1642425483, "timezone": "Europe/Berlin", "timeRule": [[1616893200, 7200, 1], [1635642000, 3600, 0], [1648342800, 7200, 1], [1667091600, 3600, 0], [1679792400, 7200, 1], [1698541200, 3600, 0], [1711846800, 7200, 1], [1729990800, 3600, 0], [1743296400, 7200, 1], [1761440400, 3600, 0], [1774746000, 7200, 1], [1792890000, 3600, 0], [1806195600, 7200, 1], [1824944400, 3600, 0], [1837645200, 7200, 1], [1856394000, 3600, 0], [1869094800, 7200, 1], [1887843600, 3600, 0], [1901149200, 7200, 1], [1919293200, 3600, 0]]}, "online": {"status": 1, "bindId": "KBYZs3g4iZdSrUKx", "who": 1}}, "digest": {"thermostat": {"mode": [{"channel": 0, "onoff": 1, "mode": 2, "state": 0, "currentTemp": 210, "heatTemp": 240, "coolTemp": 210, "ecoTemp": 120, "manualTemp": 230, "warning": 0, "targetTemp": 120, "min": 50, "max": 350, "lmTime": 1642425483}], "windowOpened": [{"channel": 0, "status": 0, "lmTime": 1642425483}]}}}}
2022/01/17 - 14:18:33	TX	http	GET	Appliance.System.All	{"all": {}}
2022/01/17 - 14:18:33	RX	http	GETACK	Appliance.System.All	{"all": {"system": {"hardware": {"type": "mts200", "subType": "eu", "version": "7.0.0", "chipType": "rtl8710cm", "uuid": "################################", "macAddress": "#################"}, "firmware": {"version": "7.3.15", "homekitVersion": "4.1", "compileTime": "2021/12/10-19:05:13", "encrypt": 1, "wifiMac": "#################", "innerIp": "##############", "server": "##################", "port": "###", "userId": "######"}, "time": {"timestamp": 1642425513, "timezone": "Europe/Berlin", "timeRule": [[1616893200, 7200, 1], [1635642000, 3600, 0], [1648342800, 7200, 1], [1667091600, 3600, 0], [1679792400, 7200, 1], [1698541200, 3600, 0], [1711846800, 7200, 1], [1729990800, 3600, 0], [1743296400, 7200, 1], [1761440400, 3600, 0], [1774746000, 7200, 1], [1792890000, 3600, 0], [1806195600, 7200, 1], [1824944400, 3600, 0], [1837645200, 7200, 1], [1856394000, 3600, 0], [1869094800, 7200, 1], [1887843600, 3600, 0], [1901149200, 7200, 1], [1919293200, 3600, 0]]}, "online": {"status": 1, "bindId": "KBYZs3g4iZdSrUKx", "who": 1}}, "digest": {"thermostat": {"mode": [{"channel": 0, "onoff": 1, "mode": 0, "state": 1, "currentTemp": 210, "heatTemp": 240, "coolTemp": 210, "ecoTemp": 120, "manualTemp": 230, "warning": 0, "targetTemp": 240, "min": 50, "max": 350, "lmTime": 1642425513}], "windowOpened": [{"channel": 0, "status": 0, "lmTime": 1642425513}]}}}}
2022/01/17 - 14:19:03	TX	http	GET	Appliance.System.All	{"all": {}}
2022/01/17 - 14:19:03	RX	http	GETACK	Appliance.System.All	{"all": {"system": {"hardware": {"type": "mts200", "subType": "eu", "version": "7.0.0", "chipType": "rtl8710cm", "uuid": "################################", "macAddress": "#################"}, "firmware": {"version": "7.3.15", "homekitVersion": "4.1", "compileTime": "2021/12/10-19:05:13", "encrypt": 1, "wifiMac": "#################", "innerIp": "##############", "server": "##################", "port": "###", "userId": "######"}, "time": {"timestamp": 1642425543, "timezone": "Europe/Berlin", "timeRule": [[1616893200, 7200, 1], [1635642000, 3600, 0], [1648342800, 7200, 1], [1667091600, 3600, 0], [1679792400, 7200, 1], [1698541200, 3600, 0], [1711846800, 7200, 1], [1729990800, 3600, 0], [1743296400, 7200, 1], [1761440400, 3600, 0], [1774746000, 7200, 1], [1792890000, 3600, 0], [1806195600, 7200, 1], [1824944400, 3600, 0], [1837645200, 7200, 1], [1856394000, 3600, 0], [1869094800, 7200, 1], [1887843600, 3600, 0], [1901149200, 7200, 1], [1919293200, 3600, 0]]}, "online": {"status": 1, "bindId": "KBYZs3g4iZdSrUKx", "who": 1}}, "digest": {"thermostat": {"mode": [{"channel": 0, "onoff": 1, "mode": 3, "state": 0, "currentTemp": 210, "heatTemp": 240, "coolTemp": 210, "ecoTemp": 120, "manualTemp": 230, "warning": 0, "targetTemp": 205, "min": 50, "max": 350, "lmTime": 1642425543}], "windowOpened": [{"channel": 0, "status": 0, "lmTime": 1642425543}]}}}}
2022/01/17 - 14:19:33	TX	http	GET	Appliance.System.All	{"all": {}}
2022/01/17 - 14:19:33	RX	http	GETACK	Appliance.System.All	{"all": {"system": {"hardware": {"type": "mts200", "subType": "eu", "version": "7.0.0", "chipType": "rtl8710cm", "uuid": "################################", "macAddress": "#################"}, "firmware": {"version": "7.3.15", "homekitVersion": "4.1", "compileTime": "2021/12/10-19:05:13", "encrypt": 1, "wifiMac": "#################", "innerIp": "##############", "server": "##################", "port": "###", "userId": "######"}, "time": {"timestamp": 1642425573, "timezone": "Europe/Berlin", "timeRule": [[1616893200, 7200, 1], [1635642000, 3600, 0], [1648342800, 7200, 1], [1667091600, 3600, 0], [1679792400, 7200, 1], [1698541200, 3600, 0], [1711846800, 7200, 1], [1729990800, 3600, 0], [1743296400, 7200, 1], [1761440400, 3600, 0], [1774746000, 7200, 1], [1792890000, 3600, 0], [1806195600, 7200, 1], [1824944400, 3600, 0], [1837645200, 7200, 1], [1856394000, 3600, 0], [1869094800, 7200, 1], [1887843600, 3600, 0], [1901149200, 7200, 1], [1919293200, 3600, 0]]}, "online": {"status": 1, "bindId": "KBYZs3g4iZdSrUKx", "who": 1}}, "digest": {"thermostat": {"mode": [{"channel": 0, "onoff": 1, "mode": 3, "state": 0, "currentTemp": 210, "heatTemp": 240, "coolTemp": 210, "ecoTemp": 120, "manualTemp": 230, "warning": 0, "targetTemp": 205, "min": 50, "max": 350, "lmTime": 1642425573}], "windowOpened": [{"channel": 0, "status": 0, "lmTime": 1642425573}]}}}}
2022/01/17 - 14:20:03	TX	http	GET	Appliance.System.All	{"all": {}}
2022/01/17 - 14:20:03	RX	http	GETACK	Appliance.System.All	{"all": {"system": {"hardware": {"type": "mts200", "subType": "eu", "version": "7.0.0", "chipType": "rtl8710cm", "uuid": "################################", "macAddress": "#################"}, "firmware": {"version": "7.3.15", "homekitVersion": "4.1", "compileTime": "2021/12/10-19:05:13", "encrypt": 1, "wifiMac": "#################", "innerIp": "##############", "server": "##################", "port": "###", "userId": "######"}, "time": {"timestamp": 1642425603, "timezone": "Europe/Berlin", "timeRule": [[1616893200, 7200, 1], [1635642000, 3600, 0], [1648342800, 7200, 1], [1667091600, 3600, 0], [1679792400, 7200, 1], [1698541200, 3600, 0], [1711846800, 7200, 1], [1729990800, 3600, 0], [1743296400, 7200, 1], [1761440400, 3600, 0], [1774746000, 7200, 1], [1792890000, 3600, 0], [1806195600, 7200, 1], [1824944400, 3600, 0], [1837645200, 7200, 1], [1856394000, 3600, 0], [1869094800, 7200, 1], [1887843600, 3600, 0], [1901149200, 7200, 1], [1919293200, 3600, 0]]}, "online": {"status": 1, "bindId": "KBYZs3g4iZdSrUKx", "who": 1}}, "digest": {"thermostat": {"mode": [{"channel": 0, "onoff": 1, "mode": 3, "state": 0, "currentTemp": 210, "heatTemp": 240, "coolTemp": 210, "ecoTemp": 120, "manualTemp": 230, "warning": 0, "targetTemp": 205, "min": 50, "max": 350, "lmTime": 1642425603}], "windowOpened": [{"channel": 0, "status": 0, "lmTime": 1642425603}]}}}}
2022/01/17 - 14:20:33	TX	http	GET	Appliance.System.All	{"all": {}}
2022/01/17 - 14:20:33	RX	http	GETACK	Appliance.System.All	{"all": {"system": {"hardware": {"type": "mts200", "subType": "eu", "version": "7.0.0", "chipType": "rtl8710cm", "uuid": "################################", "macAddress": "#################"}, "firmware": {"version": "7.3.15", "homekitVersion": "4.1", "compileTime": "2021/12/10-19:05:13", "encrypt": 1, "wifiMac": "#################", "innerIp": "##############", "server": "##################", "port": "###", "userId": "######"}, "time": {"timestamp": 1642425633, "timezone": "Europe/Berlin", "timeRule": [[1616893200, 7200, 1], [1635642000, 3600, 0], [1648342800, 7200, 1], [1667091600, 3600, 0], [1679792400, 7200, 1], [1698541200, 3600, 0], [1711846800, 7200, 1], [1729990800, 3600, 0], [1743296400, 7200, 1], [1761440400, 3600, 0], [1774746000, 7200, 1], [1792890000, 3600, 0], [1806195600, 7200, 1], [1824944400, 3600, 0], [1837645200, 7200, 1], [1856394000, 3600, 0], [1869094800, 7200, 1], [1887843600, 3600, 0], [1901149200, 7200, 1], [1919293200, 3600, 0]]}, "online": {"status": 1, "bindId": "KBYZs3g4iZdSrUKx", "who": 1}}, "digest": {"thermostat": {"mode": [{"channel": 0, "onoff": 1, "mode": 3, "state": 0, "currentTemp": 210, "heatTemp": 240, "coolTemp": 210, "ecoTemp": 120, "manualTemp": 230, "warning": 0, "targetTemp": 205, "min": 50, "max": 350, "lmTime": 1642425633}], "windowOpened": [{"channel": 0, "status": 0, "lmTime": 1642425633}]}}}}
2022/01/17 - 14:21:03	TX	http	GET	Appliance.System.All	{"all": {}}
2022/01/17 - 14:21:03	RX	http	GETACK	Appliance.System.All	{"all": {"system": {"hardware": {"type": "mts200", "subType": "eu", "version": "7.0.0", "chipType": "rtl8710cm", "uuid": "################################", "macAddress": "#################"}, "firmware": {"version": "7.3.15", "homekitVersion": "4.1", "compileTime": "2021/12/10-19:05:13", "encrypt": 1, "wifiMac": "#################", "innerIp": "##############", "server": "##################", "port": "###", "userId": "######"}, "time": {"timestamp": 1642425663, "timezone": "Europe/Berlin", "timeRule": [[1616893200, 7200, 1], [1635642000, 3600, 0], [1648342800, 7200, 1], [1667091600, 3600, 0], [1679792400, 7200, 1], [1698541200, 3600, 0], [1711846800, 7200, 1], [1729990800, 3600, 0], [1743296400, 7200, 1], [1761440400, 3600, 0], [1774746000, 7200, 1], [1792890000, 3600, 0], [1806195600, 7200, 1], [1824944400, 3600, 0], [1837645200, 7200, 1], [1856394000, 3600, 0], [1869094800, 7200, 1], [1887843600, 3600, 0], [1901149200, 7200, 1], [1919293200, 3600, 0]]}, "online": {"status": 1, "bindId": "KBYZs3g4iZdSrUKx", "who": 1}}, "digest": {"thermostat": {"mode": [{"channel": 0, "onoff": 1, "mode": 3, "state": 0, "currentTemp": 210, "heatTemp": 240, "coolTemp": 210, "ecoTemp": 120, "manualTemp": 230, "warning": 0, "targetTemp": 205, "min": 50, "max": 350, "lmTime": 1642425663}], "windowOpened": [{"channel": 0, "status": 0, "lmTime": 1642425663}]}}}}
2022/01/17 - 14:21:33	TX	http	GET	Appliance.System.All	{"all": {}}
2022/01/17 - 14:21:33	RX	http	GETACK	Appliance.System.All	{"all": {"system": {"hardware": {"type": "mts200", "subType": "eu", "version": "7.0.0", "chipType": "rtl8710cm", "uuid": "################################", "macAddress": "#################"}, "firmware": {"version": "7.3.15", "homekitVersion": "4.1", "compileTime": "2021/12/10-19:05:13", "encrypt": 1, "wifiMac": "#################", "innerIp": "##############", "server": "##################", "port": "###", "userId": "######"}, "time": {"timestamp": 1642425693, "timezone": "Europe/Berlin", "timeRule": [[1616893200, 7200, 1], [1635642000, 3600, 0], [1648342800, 7200, 1], [1667091600, 3600, 0], [1679792400, 7200, 1], [1698541200, 3600, 0], [1711846800, 7200, 1], [1729990800, 3600, 0], [1743296400, 7200, 1], [1761440400, 3600, 0], [1774746000, 7200, 1], [1792890000, 3600, 0], [1806195600, 7200, 1], [1824944400, 3600, 0], [1837645200, 7200, 1], [1856394000, 3600, 0], [1869094800, 7200, 1], [1887843600, 3600, 0], [1901149200, 7200, 1], [1919293200, 3600, 0]]}, "online": {"status": 1, "bindId": "KBYZs3g4iZdSrUKx", "who": 1}}, "digest": {"thermostat": {"mode": [{"channel": 0, "onoff": 1, "mode": 3, "state": 0, "currentTemp": 210, "heatTemp": 240, "coolTemp": 210, "ecoTemp": 120, "manualTemp": 230, "warning": 0, "targetTemp": 205, "min": 50, "max": 350, "lmTime": 1642425693}], "windowOpened": [{"channel": 0, "status": 0, "lmTime": 1642425693}]}}}}
2022/01/17 - 14:22:03	TX	http	GET	Appliance.System.All	{"all": {}}
2022/01/17 - 14:22:03	RX	http	GETACK	Appliance.System.All	{"all": {"system": {"hardware": {"type": "mts200", "subType": "eu", "version": "7.0.0", "chipType": "rtl8710cm", "uuid": "################################", "macAddress": "#################"}, "firmware": {"version": "7.3.15", "homekitVersion": "4.1", "compileTime": "2021/12/10-19:05:13", "encrypt": 1, "wifiMac": "#################", "innerIp": "##############", "server": "##################", "port": "###", "userId": "######"}, "time": {"timestamp": 1642425723, "timezone": "Europe/Berlin", "timeRule": [[1616893200, 7200, 1], [1635642000, 3600, 0], [1648342800, 7200, 1], [1667091600, 3600, 0], [1679792400, 7200, 1], [1698541200, 3600, 0], [1711846800, 7200, 1], [1729990800, 3600, 0], [1743296400, 7200, 1], [1761440400, 3600, 0], [1774746000, 7200, 1], [1792890000, 3600, 0], [1806195600, 7200, 1], [1824944400, 3600, 0], [1837645200, 7200, 1], [1856394000, 3600, 0], [1869094800, 7200, 1], [1887843600, 3600, 0], [1901149200, 7200, 1], [1919293200, 3600, 0]]}, "online": {"status": 1, "bindId": "KBYZs3g4iZdSrUKx", "who": 1}}, "digest": {"thermostat": {"mode": [{"channel": 0, "onoff": 1, "mode": 3, "state": 0, "currentTemp": 210, "heatTemp": 240, "coolTemp": 210, "ecoTemp": 120, "manualTemp": 230, "warning": 0, "targetTemp": 205, "min": 50, "max": 350, "lmTime": 1642425723}], "windowOpened": [{"channel": 0, "status": 0, "lmTime": 1642425723}]}}}}
2022/01/17 - 14:22:33	TX	http	GET	Appliance.System.All	{"all": {}}
2022/01/17 - 14:22:33	RX	http	GETACK	Appliance.System.All	{"all": {"system": {"hardware": {"type": "mts200", "subType": "eu", "version": "7.0.0", "chipType": "rtl8710cm", "uuid": "################################", "macAddress": "#################"}, "firmware": {"version": "7.3.15", "homekitVersion": "4.1", "compileTime": "2021/12/10-19:05:13", "encrypt": 1, "wifiMac": "#################", "innerIp": "##############", "server": "##################", "port": "###", "userId": "######"}, "time": {"timestamp": 1642425753, "timezone": "Europe/Berlin", "timeRule": [[1616893200, 7200, 1], [1635642000, 3600, 0], [1648342800, 7200, 1], [1667091600, 3600, 0], [1679792400, 7200, 1], [1698541200, 3600, 0], [1711846800, 7200, 1], [1729990800, 3600, 0], [1743296400, 7200, 1], [1761440400, 3600, 0], [1774746000, 7200, 1], [1792890000, 3600, 0], [1806195600, 7200, 1], [1824944400, 3600, 0], [1837645200, 7200, 1], [1856394000, 3600, 0], [1869094800, 7200, 1], [1887843600, 3600, 0], [1901149200, 7200, 1], [1919293200, 3600, 0]]}, "online": {"status": 1, "bindId": "KBYZs3g4iZdSrUKx", "who": 1}}, "digest": {"thermostat": {"mode": [{"channel": 0, "onoff": 1, "mode": 3, "state": 0, "currentTemp": 210, "heatTemp": 240, "coolTemp": 210, "ecoTemp": 120, "manualTemp": 230, "warning": 0, "targetTemp": 205, "min": 50, "max": 350, "lmTime": 1642425753}], "windowOpened": [{"channel": 0, "status": 0, "lmTime": 1642425753}]}}}}
2022/01/17 - 14:23:03	TX	http	GET	Appliance.System.All	{"all": {}}
2022/01/17 - 14:23:03	RX	http	GETACK	Appliance.System.All	{"all": {"system": {"hardware": {"type": "mts200", "subType": "eu", "version": "7.0.0", "chipType": "rtl8710cm", "uuid": "################################", "macAddress": "#################"}, "firmware": {"version": "7.3.15", "homekitVersion": "4.1", "compileTime": "2021/12/10-19:05:13", "encrypt": 1, "wifiMac": "#################", "innerIp": "##############", "server": "##################", "port": "###", "userId": "######"}, "time": {"timestamp": 1642425783, "timezone": "Europe/Berlin", "timeRule": [[1616893200, 7200, 1], [1635642000, 3600, 0], [1648342800, 7200, 1], [1667091600, 3600, 0], [1679792400, 7200, 1], [1698541200, 3600, 0], [1711846800, 7200, 1], [1729990800, 3600, 0], [1743296400, 7200, 1], [1761440400, 3600, 0], [1774746000, 7200, 1], [1792890000, 3600, 0], [1806195600, 7200, 1], [1824944400, 3600, 0], [1837645200, 7200, 1], [1856394000, 3600, 0], [1869094800, 7200, 1], [1887843600, 3600, 0], [1901149200, 7200, 1], [1919293200, 3600, 0]]}, "online": {"status": 1, "bindId": "KBYZs3g4iZdSrUKx", "who": 1}}, "digest": {"thermostat": {"mode": [{"channel": 0, "onoff": 1, "mode": 3, "state": 0, "currentTemp": 210, "heatTemp": 240, "coolTemp": 210, "ecoTemp": 120, "manualTemp": 230, "warning": 0, "targetTemp": 205, "min": 50, "max": 350, "lmTime": 1642425783}], "windowOpened": [{"channel": 0, "status": 0, "lmTime": 1642425783}]}}}}
2022/01/17 - 14:23:33	TX	http	GET	Appliance.System.All	{"all": {}}
2022/01/17 - 14:23:33	RX	http	GETACK	Appliance.System.All	{"all": {"system": {"hardware": {"type": "mts200", "subType": "eu", "version": "7.0.0", "chipType": "rtl8710cm", "uuid": "################################", "macAddress": "#################"}, "firmware": {"version": "7.3.15", "homekitVersion": "4.1", "compileTime": "2021/12/10-19:05:13", "encrypt": 1, "wifiMac": "#################", "innerIp": "##############", "server": "##################", "port": "###", "userId": "######"}, "time": {"timestamp": 1642425813, "timezone": "Europe/Berlin", "timeRule": [[1616893200, 7200, 1], [1635642000, 3600, 0], [1648342800, 7200, 1], [1667091600, 3600, 0], [1679792400, 7200, 1], [1698541200, 3600, 0], [1711846800, 7200, 1], [1729990800, 3600, 0], [1743296400, 7200, 1], [1761440400, 3600, 0], [1774746000, 7200, 1], [1792890000, 3600, 0], [1806195600, 7200, 1], [1824944400, 3600, 0], [1837645200, 7200, 1], [1856394000, 3600, 0], [1869094800, 7200, 1], [1887843600, 3600, 0], [1901149200, 7200, 1], [1919293200, 3600, 0]]}, "online": {"status": 1, "bindId": "KBYZs3g4iZdSrUKx", "who": 1}}, "digest": {"thermostat": {"mode": [{"channel": 0, "onoff": 1, "mode": 3, "state": 0, "currentTemp": 210, "heatTemp": 240, "coolTemp": 210, "ecoTemp": 120, "manualTemp": 230, "warning": 0, "targetTemp": 205, "min": 50, "max": 350, "lmTime": 1642425813}], "windowOpened": [{"channel": 0, "status": 0, "lmTime": 1642425813}]}}}}
2022/01/17 - 14:24:03	TX	http	GET	Appliance.System.All	{"all": {}}
2022/01/17 - 14:24:03	RX	http	GETACK	Appliance.System.All	{"all": {"system": {"hardware": {"type": "mts200", "subType": "eu", "version": "7.0.0", "chipType": "rtl8710cm", "uuid": "################################", "macAddress": "#################"}, "firmware": {"version": "7.3.15", "homekitVersion": "4.1", "compileTime": "2021/12/10-19:05:13", "encrypt": 1, "wifiMac": "#################", "innerIp": "##############", "server": "##################", "port": "###", "userId": "######"}, "time": {"timestamp": 1642425843, "timezone": "Europe/Berlin", "timeRule": [[1616893200, 7200, 1], [1635642000, 3600, 0], [1648342800, 7200, 1], [1667091600, 3600, 0], [1679792400, 7200, 1], [1698541200, 3600, 0], [1711846800, 7200, 1], [1729990800, 3600, 0], [1743296400, 7200, 1], [1761440400, 3600, 0], [1774746000, 7200, 1], [1792890000, 3600, 0], [1806195600, 7200, 1], [1824944400, 3600, 0], [1837645200, 7200, 1], [1856394000, 3600, 0], [1869094800, 7200, 1], [1887843600, 3600, 0], [1901149200, 7200, 1], [1919293200, 3600, 0]]}, "online": {"status": 1, "bindId": "KBYZs3g4iZdSrUKx", "who": 1}}, "digest": {"thermostat": {"mode": [{"channel": 0, "onoff": 1, "mode": 3, "state": 0, "currentTemp": 210, "heatTemp": 240, "coolTemp": 210, "ecoTemp": 120, "manualTemp": 230, "warning": 0, "targetTemp": 205, "min": 50, "max": 350, "lmTime": 1642425843}], "windowOpened": [{"channel": 0, "status": 0, "lmTime": 1642425843}]}}}}
2022/01/17 - 14:24:33	TX	http	GET	Appliance.System.All	{"all": {}}
2022/01/17 - 14:24:33	RX	http	GETACK	Appliance.System.All	{"all": {"system": {"hardware": {"type": "mts200", "subType": "eu", "version": "7.0.0", "chipType": "rtl8710cm", "uuid": "################################", "macAddress": "#################"}, "firmware": {"version": "7.3.15", "homekitVersion": "4.1", "compileTime": "2021/12/10-19:05:13", "encrypt": 1, "wifiMac": "#################", "innerIp": "##############", "server": "##################", "port": "###", "userId": "######"}, "time": {"timestamp": 1642425873, "timezone": "Europe/Berlin", "timeRule": [[1616893200, 7200, 1], [1635642000, 3600, 0], [1648342800, 7200, 1], [1667091600, 3600, 0], [1679792400, 7200, 1], [1698541200, 3600, 0], [1711846800, 7200, 1], [1729990800, 3600, 0], [1743296400, 7200, 1], [1761440400, 3600, 0], [1774746000, 7200, 1], [1792890000, 3600, 0], [1806195600, 7200, 1], [1824944400, 3600, 0], [1837645200, 7200, 1], [1856394000, 3600, 0], [1869094800, 7200, 1], [1887843600, 3600, 0], [1901149200, 7200, 1], [1919293200, 3600, 0]]}, "online": {"status": 1, "bindId": "KBYZs3g4iZdSrUKx", "who": 1}}, "digest": {"thermostat": {"mode": [{"channel": 0, "onoff": 1, "mode": 3, "state": 0, "currentTemp": 210, "heatTemp": 240, "coolTemp": 210, "ecoTemp": 120, "manualTemp": 230, "warning": 0, "targetTemp": 205, "min": 50, "max": 350, "lmTime": 1642425873}], "windowOpened": [{"channel": 0, "status": 0, "lmTime": 1642425873}]}}}}
2022/01/17 - 14:25:03	TX	http	GET	Appliance.System.All	{"all": {}}
2022/01/17 - 14:25:03	RX	http	GETACK	Appliance.System.All	{"all": {"system": {"hardware": {"type": "mts200", "subType": "eu", "version": "7.0.0", "chipType": "rtl8710cm", "uuid": "################################", "macAddress": "#################"}, "firmware": {"version": "7.3.15", "homekitVersion": "4.1", "compileTime": "2021/12/10-19:05:13", "encrypt": 1, "wifiMac": "#################", "innerIp": "##############", "server": "##################", "port": "###", "userId": "######"}, "time": {"timestamp": 1642425903, "timezone": "Europe/Berlin", "timeRule": [[1616893200, 7200, 1], [1635642000, 3600, 0], [1648342800, 7200, 1], [1667091600, 3600, 0], [1679792400, 7200, 1], [1698541200, 3600, 0], [1711846800, 7200, 1], [1729990800, 3600, 0], [1743296400, 7200, 1], [1761440400, 3600, 0], [1774746000, 7200, 1], [1792890000, 3600, 0], [1806195600, 7200, 1], [1824944400, 3600, 0], [1837645200, 7200, 1], [1856394000, 3600, 0], [1869094800, 7200, 1], [1887843600, 3600, 0], [1901149200, 7200, 1], [1919293200, 3600, 0]]}, "online": {"status": 1, "bindId": "KBYZs3g4iZdSrUKx", "who": 1}}, "digest": {"thermostat": {"mode": [{"channel": 0, "onoff": 1, "mode": 3, "state": 0, "currentTemp": 210, "heatTemp": 240, "coolTemp": 210, "ecoTemp": 120, "manualTemp": 230, "warning": 0, "targetTemp": 205, "min": 50, "max": 350, "lmTime": 1642425903}], "windowOpened": [{"channel": 0, "status": 0, "lmTime": 1642425903}]}}}}
