2023/12/29 - 15:30:49		auto	GETACK	Appliance.System.All	{"system": {"hardware": {"type": "mts960", "subType": "eu", "version": "4.0.0", "chipType": "MT7686", "uuid": "###############################2", "macAddress": "################1"}, "firmware": {"version": "4.2.6", "homekitVersion": "2.0.1", "compileTime": "Oct 10 2023 09:34:37", "encrypt": 1, "wifiMac": "################1", "innerIp": "############1", "server": "#################0", "port": "@0", "userId": "@0"}, "time": {"timestamp": 1703863823, "timezone": "Europe/London", "timeRule": [[1667091600, 0, 0], [1679792400, 3600, 1], [1698541200, 0, 0], [1711846800, 3600, 1], [1729990800, 0, 0], [1743296400, 3600, 1], [1761440400, 0, 0], [1774746000, 3600, 1], [1792890000, 0, 0], [1806195600, 3600, 1], [1824944400, 0, 0], [1837645200, 3600, 1], [1856394000, 0, 0], [1869094800, 3600, 1], [1887843600, 0, 0], [1901149200, 3600, 1], [1919293200, 0, 0], [1932598800, 3600, 1], [1950742800, 0, 0], [1964048400, 3600, 1]]}, "online": {"status": 1, "bindId": "U4QQLlt44phrNTgc", "who": 1}}, "digest": {"thermostat": {"modeB": [{"channel": 0, "mode": 2, "targetTemp": 1800, "working": 1, "currentTemp": 1723, "state": 1, "onoff": 1, "sensorStatus": 1}]}}}
2023/12/29 - 15:30:49		auto	GETACK	Appliance.System.Ability	{"Appliance.Config.Key": {}, "Appliance.Config.WifiList": {}, "Appliance.Config.Wifi": {}, "Appliance.Config.WifiX": {}, "Appliance.Config.Trace": {}, "Appliance.Config.Info": {}, "Appliance.System.All": {}, "Appliance.System.Hardware": {}, "Appliance.System.Firmware": {}, "Appliance.System.Debug": {}, "Appliance.System.Online": {}, "Appliance.System.Time": {}, "Appliance.System.Clock": {}, "Appliance.System.Ability": {}, "Appliance.System.Runtime": {}, "Appliance.System.Report": {}, "Appliance.System.Position": {}, "Appliance.System.Factory": {}, "Appliance.Control.Multiple": {"maxCmdNum": 3}, "Appliance.Control.Bind": {}, "Appliance.Control.Unbind": {}, "Appliance.Control.Upgrade": {}, "Appliance.Control.Thermostat.ModeB": {}, "Appliance.Control.Thermostat.ScheduleB": {}, "Appliance.Control.Thermostat.CtlRange": {}, "Appliance.Control.TempUnit": {}, "Appliance.Control.Thermostat.Alarm": {}, "Appliance.Control.Thermostat.AlarmConfig": {}, "Appliance.Control.Thermostat.CompressorDelay": {}, "Appliance.Control.PhysicalLock": {}, "Appliance.Control.Thermostat.Frost": {}, "Appliance.Control.Thermostat.Calibration": {}, "Appliance.Control.Thermostat.DeadZone": {}, "Appliance.Control.ConsumptionX": {}, "Appliance.Control.Electricity": {}, "Appliance.Control.ConsumptionConfig": {}, "Appliance.Control.Sensor.History": {}, "Appliance.Control.Thermostat.Timer": {}}
2023/12/29 - 15:30:49	TX	http	GET	Appliance.Config.Info	{"info": {}}
2023/12/29 - 15:30:49	RX	http	GETACK	Appliance.Config.Info	{"info": {"homekit": {"model": "MTS960", "sn": "600802230900378", "category": 20, "setupId": "1CO4", "setupCode": "901-89-054", "uuid": "###################################3", "token": "###############################################################################################################################################################################################################################################################################################################################################################################################################################################################################1"}}}
2023/12/29 - 15:30:49		auto	LOG	DEBUG	handler undefined for method:(GETACK) namespace:(Appliance.Config.Info) payload:({'info': {'homekit': {'model': 'MTS960', 'sn': '600802230900378', 'category': 20, 'setupId': '1CO4', 'setupCode': '901-89-054', 'uuid': '###################################3', 'token': '###############################################################################################################################################################################################################################################################################################################################################################################################################################################################################1'}}})
2023/12/29 - 15:30:51	TX	http	GET	Appliance.System.Runtime	{"runtime": {}}
2023/12/29 - 15:30:51	RX	http	GETACK	Appliance.System.Runtime	{"runtime": {"signal": 60}}
2023/12/29 - 15:30:53	TX	http	GET	Appliance.System.Factory	{"factory": {}}
2023/12/29 - 15:30:54		auto	LOG	DEBUG	polling start
2023/12/29 - 15:30:54	TX	http	GET	Appliance.System.Debug	{"debug": {}}
2023/12/29 - 15:30:54	RX	http	GETACK	Appliance.System.Factory	{"factory": {"test": {"ledAging": 0, "wifiTest": 0}}}
2023/12/29 - 15:30:54		auto	LOG	DEBUG	handler undefined for method:(GETACK) namespace:(Appliance.System.Factory) payload:({'factory': {'test': {'ledAging': 0, 'wifiTest': 0}}})
2023/12/29 - 15:30:54	RX	http	GETACK	Appliance.System.Debug	{"debug": {"system": {"version": "4.2.6", "sysUpTime": "3h28m44s", "UTC": 1703863853, "localTimeOffset": 0, "localTime": "Fri Dec 29 15:30:53 2023", "suncalc": "8:26;15:57"}, "network": {"linkStatus": "connected", "signal": 60, "ssid": "######0", "gatewayMac": "################0", "innerIp": "############1", "wifiDisconnectCount": 0, "wifiDisconnectDetail": {"totalCount": 0, "detials": []}}, "cloud": {"activeServer": "#################0", "mainServer": "#################0", "mainPort": "@0", "secondServer": "#################0", "secondPort": "@0", "userId": "@0", "sysConnectTime": "Fri Dec 29 12:02:07 2023", "sysOnlineTime": "3h28m46s", "sysDisconnectCount": 0, "iotDisconnectDetail": {"totalCount": 0, "detials": []}}}}
2023/12/29 - 15:30:54	TX	http	GET	Appliance.System.All	{"all": {}}
2023/12/29 - 15:30:54	RX	http	GETACK	Appliance.System.All	{"all": {"system": {"hardware": {"type": "mts960", "subType": "eu", "version": "4.0.0", "chipType": "MT7686", "uuid": "###############################2", "macAddress": "################1"}, "firmware": {"version": "4.2.6", "homekitVersion": "2.0.1", "compileTime": "Oct 10 2023 09:34:37", "encrypt": 1, "wifiMac": "################1", "innerIp": "############1", "server": "#################0", "port": "@0", "userId": "@0"}, "time": {"timestamp": 1703863853, "timezone": "Europe/London", "timeRule": [[1667091600, 0, 0], [1679792400, 3600, 1], [1698541200, 0, 0], [1711846800, 3600, 1], [1729990800, 0, 0], [1743296400, 3600, 1], [1761440400, 0, 0], [1774746000, 3600, 1], [1792890000, 0, 0], [1806195600, 3600, 1], [1824944400, 0, 0], [1837645200, 3600, 1], [1856394000, 0, 0], [1869094800, 3600, 1], [1887843600, 0, 0], [1901149200, 3600, 1], [1919293200, 0, 0], [1932598800, 3600, 1], [1950742800, 0, 0], [1964048400, 3600, 1]]}, "online": {"status": 1, "bindId": "U4QQLlt44phrNTgc", "who": 1}}, "digest": {"thermostat": {"modeB": [{"channel": 0, "mode": 2, "targetTemp": 1800, "working": 1, "currentTemp": 1711, "state": 1, "onoff": 1, "sensorStatus": 1}]}}}}
2023/12/29 - 15:30:54		auto	LOG	WARNING	KeyError(0) in handle GETACK Appliance.System.All
2023/12/29 - 15:30:54	TX	http	GET	Appliance.Control.Electricity	{"electricity": {}}
2023/12/29 - 15:30:54	RX	http	GETACK	Appliance.Control.Electricity	{"electricity": {"channel": 0, "current": 7902, "voltage": 2312, "power": 1843753, "config": {"voltageRatio": 188, "electricityRatio": 100}}}
2023/12/29 - 15:30:54		auto	LOG	DEBUG	polling end
2023/12/29 - 15:30:55	TX	http	GET	Appliance.Control.Thermostat.ModeB	{"modeB": {}}
2023/12/29 - 15:30:55	RX	http	GETACK	Appliance.Control.Thermostat.ModeB	{"modeB": []}
2023/12/29 - 15:30:55		auto	LOG	DEBUG	handler undefined for method:(GETACK) namespace:(Appliance.Control.Thermostat.ModeB) payload:({'modeB': []})
2023/12/29 - 15:30:57	TX	http	GET	Appliance.Control.Thermostat.ScheduleB	{"scheduleB": {}}
2023/12/29 - 15:30:57	RX	http	GETACK	Appliance.Control.Thermostat.ScheduleB	{"scheduleB": []}
2023/12/29 - 15:30:57		auto	LOG	DEBUG	handler undefined for method:(GETACK) namespace:(Appliance.Control.Thermostat.ScheduleB) payload:({'scheduleB': []})
2023/12/29 - 15:30:59	TX	http	GET	Appliance.Control.Thermostat.CtlRange	{"ctlRange": {}}
2023/12/29 - 15:30:59	RX	http	GETACK	Appliance.Control.Thermostat.CtlRange	{"ctlRange": []}
2023/12/29 - 15:30:59		auto	LOG	DEBUG	handler undefined for method:(GETACK) namespace:(Appliance.Control.Thermostat.CtlRange) payload:({'ctlRange': []})
2023/12/29 - 15:31:01	TX	http	GET	Appliance.Control.TempUnit	{"tempUnit": {}}
2023/12/29 - 15:31:01	RX	http	GETACK	Appliance.Control.TempUnit	{"tempUnit": []}
2023/12/29 - 15:31:01		auto	LOG	DEBUG	handler undefined for method:(GETACK) namespace:(Appliance.Control.TempUnit) payload:({'tempUnit': []})
2023/12/29 - 15:31:03	TX	http	GET	Appliance.Control.Thermostat.Alarm	{"alarm": {}}
2023/12/29 - 15:31:03		auto	LOG	DEBUG	ServerDisconnectedError(Server disconnected) in async_http_request GET Appliance.Control.Thermostat.Alarm attempt(0)
2023/12/29 - 15:31:03	TX	http	GET	Appliance.Control.Thermostat.Alarm	{"alarm": {}}
2023/12/29 - 15:31:03		auto	LOG	DEBUG	ServerDisconnectedError(Server disconnected) in async_http_request GET Appliance.Control.Thermostat.Alarm attempt(1)
2023/12/29 - 15:31:03	TX	http	GET	Appliance.Control.Thermostat.Alarm	{"alarm": {}}
2023/12/29 - 15:31:03		auto	LOG	DEBUG	ServerDisconnectedError(Server disconnected) in async_http_request GET Appliance.Control.Thermostat.Alarm attempt(2)
2023/12/29 - 15:31:05	TX	http	GET	Appliance.Control.Thermostat.AlarmConfig	{"alarmConfig": {}}
2023/12/29 - 15:31:05	RX	http	GETACK	Appliance.Control.Thermostat.AlarmConfig	{"alarmConfig": []}
2023/12/29 - 15:31:05		auto	LOG	DEBUG	handler undefined for method:(GETACK) namespace:(Appliance.Control.Thermostat.AlarmConfig) payload:({'alarmConfig': []})
2023/12/29 - 15:31:07	TX	http	GET	Appliance.Control.Thermostat.CompressorDelay	{"compressorDelay": {}}
2023/12/29 - 15:31:07		auto	LOG	DEBUG	ServerDisconnectedError(Server disconnected) in async_http_request GET Appliance.Control.Thermostat.CompressorDelay attempt(0)
2023/12/29 - 15:31:07	TX	http	GET	Appliance.Control.Thermostat.CompressorDelay	{"compressorDelay": {}}
2023/12/29 - 15:31:07		auto	LOG	DEBUG	ServerDisconnectedError(Server disconnected) in async_http_request GET Appliance.Control.Thermostat.CompressorDelay attempt(1)
2023/12/29 - 15:31:07	TX	http	GET	Appliance.Control.Thermostat.CompressorDelay	{"compressorDelay": {}}
2023/12/29 - 15:31:07		auto	LOG	DEBUG	ServerDisconnectedError(Server disconnected) in async_http_request GET Appliance.Control.Thermostat.CompressorDelay attempt(2)
2023/12/29 - 15:31:09	TX	http	GET	Appliance.Control.Thermostat.Frost	{"frost": [{"channel": 0}]}
2023/12/29 - 15:31:09	RX	http	GETACK	Appliance.Control.Thermostat.Frost	{"frost": [{"channel": 0, "onoff": 1, "value": 500, "min": 500, "max": 1500, "warning": 0}]}
2023/12/29 - 15:31:09		auto	LOG	WARNING	KeyError(0) in handle GETACK Appliance.Control.Thermostat.Frost
2023/12/29 - 15:31:11	TX	http	GET	Appliance.Control.Thermostat.Calibration	{"calibration": [{"channel": 0}]}
2023/12/29 - 15:31:11	RX	http	GETACK	Appliance.Control.Thermostat.Calibration	{"calibration": [{"channel": 0, "value": 0, "min": -2000, "max": 2000}]}
2023/12/29 - 15:31:11		auto	LOG	WARNING	KeyError(0) in handle GETACK Appliance.Control.Thermostat.Calibration
2023/12/29 - 15:31:13	TX	http	GET	Appliance.Control.Thermostat.DeadZone	{"deadZone": [{"channel": 0}]}
2023/12/29 - 15:31:13	RX	http	GETACK	Appliance.Control.Thermostat.DeadZone	{"deadZone": [{"channel": 0, "value": 100, "min": 50, "max": 2000}]}
2023/12/29 - 15:31:13		auto	LOG	WARNING	KeyError(0) in handle GETACK Appliance.Control.Thermostat.DeadZone
2023/12/29 - 15:31:15	TX	http	GET	Appliance.Control.ConsumptionX	{"consumptionx": []}
2023/12/29 - 15:31:15	RX	http	GETACK	Appliance.Control.ConsumptionX	{"consumptionx": [{"date": "2023-12-29", "time": 1703863869, "value": 6786}]}
2023/12/29 - 15:31:15		auto	LOG	DEBUG	updating consumption=6786
2023/12/29 - 15:31:17	TX	http	GET	Appliance.Control.Electricity	{"electricity": {}}
2023/12/29 - 15:31:17	RX	http	GETACK	Appliance.Control.Electricity	{"electricity": {"channel": 0, "current": 7878, "voltage": 2312, "power": 1840576, "config": {"voltageRatio": 188, "electricityRatio": 100}}}
2023/12/29 - 15:31:19	TX	http	GET	Appliance.Control.ConsumptionConfig	{"consumptionConfig": {}}
2023/12/29 - 15:31:19	RX	http	GETACK	Appliance.Control.ConsumptionConfig	{"config": {"voltageRatio": 188, "electricityRatio": 100}}
2023/12/29 - 15:31:21	TX	http	GET	Appliance.Control.Sensor.History	{"history": {}}
2023/12/29 - 15:31:21	RX	http	GETACK	Appliance.Control.Sensor.History	{"history": []}
2023/12/29 - 15:31:21		auto	LOG	DEBUG	handler undefined for method:(GETACK) namespace:(Appliance.Control.Sensor.History) payload:({'history': []})
2023/12/29 - 15:31:23	TX	http	GET	Appliance.Control.Thermostat.Timer	{"timer": {}}
2023/12/29 - 15:31:23	RX	http	GETACK	Appliance.Control.Thermostat.Timer	{"timer": []}
2023/12/29 - 15:31:23		auto	LOG	DEBUG	handler undefined for method:(GETACK) namespace:(Appliance.Control.Thermostat.Timer) payload:({'timer': []})
2023/12/29 - 15:31:24		auto	LOG	DEBUG	polling start
2023/12/29 - 15:31:24	TX	http	GET	Appliance.System.Debug	{"debug": {}}
2023/12/29 - 15:31:24	RX	http	GETACK	Appliance.System.Debug	{"debug": {"system": {"version": "4.2.6", "sysUpTime": "3h29m14s", "UTC": 1703863883, "localTimeOffset": 0, "localTime": "Fri Dec 29 15:31:23 2023", "suncalc": "8:26;15:57"}, "network": {"linkStatus": "connected", "signal": 60, "ssid": "######0", "gatewayMac": "################0", "innerIp": "############1", "wifiDisconnectCount": 0, "wifiDisconnectDetail": {"totalCount": 0, "detials": []}}, "cloud": {"activeServer": "#################0", "mainServer": "#################0", "mainPort": "@0", "secondServer": "#################0", "secondPort": "@0", "userId": "@0", "sysConnectTime": "Fri Dec 29 12:02:07 2023", "sysOnlineTime": "3h29m16s", "sysDisconnectCount": 0, "iotDisconnectDetail": {"totalCount": 0, "detials": []}}}}
2023/12/29 - 15:31:24	TX	http	GET	Appliance.System.All	{"all": {}}
2023/12/29 - 15:31:24	RX	http	GETACK	Appliance.System.All	{"all": {"system": {"hardware": {"type": "mts960", "subType": "eu", "version": "4.0.0", "chipType": "MT7686", "uuid": "###############################2", "macAddress": "################1"}, "firmware": {"version": "4.2.6", "homekitVersion": "2.0.1", "compileTime": "Oct 10 2023 09:34:37", "encrypt": 1, "wifiMac": "################1", "innerIp": "############1", "server": "#################0", "port": "@0", "userId": "@0"}, "time": {"timestamp": 1703863883, "timezone": "Europe/London", "timeRule": [[1667091600, 0, 0], [1679792400, 3600, 1], [1698541200, 0, 0], [1711846800, 3600, 1], [1729990800, 0, 0], [1743296400, 3600, 1], [1761440400, 0, 0], [1774746000, 3600, 1], [1792890000, 0, 0], [1806195600, 3600, 1], [1824944400, 0, 0], [1837645200, 3600, 1], [1856394000, 0, 0], [1869094800, 3600, 1], [1887843600, 0, 0], [1901149200, 3600, 1], [1919293200, 0, 0], [1932598800, 3600, 1], [1950742800, 0, 0], [1964048400, 3600, 1]]}, "online": {"status": 1, "bindId": "U4QQLlt44phrNTgc", "who": 1}}, "digest": {"thermostat": {"modeB": [{"channel": 0, "mode": 2, "targetTemp": 1800, "working": 1, "currentTemp": 1722, "state": 1, "onoff": 1, "sensorStatus": 1}]}}}}
2023/12/29 - 15:31:24		auto	LOG	WARNING	KeyError(0) in handle GETACK Appliance.System.All
2023/12/29 - 15:31:24	TX	http	GET	Appliance.Control.Electricity	{"electricity": {}}
2023/12/29 - 15:31:24	RX	http	GETACK	Appliance.Control.Electricity	{"electricity": {"channel": 0, "current": 7878, "voltage": 2312, "power": 1835632, "config": {"voltageRatio": 188, "electricityRatio": 100}}}
2023/12/29 - 15:31:24		auto	LOG	DEBUG	polling end
2023/12/29 - 15:31:54		auto	LOG	DEBUG	polling start
2023/12/29 - 15:31:54	TX	http	GET	Appliance.System.Debug	{"debug": {}}
2023/12/29 - 15:31:54	RX	http	GETACK	Appliance.System.Debug	{"debug": {"system": {"version": "4.2.6", "sysUpTime": "3h29m44s", "UTC": 1703863913, "localTimeOffset": 0, "localTime": "Fri Dec 29 15:31:53 2023", "suncalc": "8:26;15:57"}, "network": {"linkStatus": "connected", "signal": 60, "ssid": "######0", "gatewayMac": "################0", "innerIp": "############1", "wifiDisconnectCount": 0, "wifiDisconnectDetail": {"totalCount": 0, "detials": []}}, "cloud": {"activeServer": "#################0", "mainServer": "#################0", "mainPort": "@0", "secondServer": "#################0", "secondPort": "@0", "userId": "@0", "sysConnectTime": "Fri Dec 29 12:02:07 2023", "sysOnlineTime": "3h29m46s", "sysDisconnectCount": 0, "iotDisconnectDetail": {"totalCount": 0, "detials": []}}}}
2023/12/29 - 15:31:54	TX	http	GET	Appliance.System.All	{"all": {}}
2023/12/29 - 15:31:54	RX	http	GETACK	Appliance.System.All	{"all": {"system": {"hardware": {"type": "mts960", "subType": "eu", "version": "4.0.0", "chipType": "MT7686", "uuid": "###############################2", "macAddress": "################1"}, "firmware": {"version": "4.2.6", "homekitVersion": "2.0.1", "compileTime": "Oct 10 2023 09:34:37", "encrypt": 1, "wifiMac": "################1", "innerIp": "############1", "server": "#################0", "port": "@0", "userId": "@0"}, "time": {"timestamp": 1703863914, "timezone": "Europe/London", "timeRule": [[1667091600, 0, 0], [1679792400, 3600, 1], [1698541200, 0, 0], [1711846800, 3600, 1], [1729990800, 0, 0], [1743296400, 3600, 1], [1761440400, 0, 0], [1774746000, 3600, 1], [1792890000, 0, 0], [1806195600, 3600, 1], [1824944400, 0, 0], [1837645200, 3600, 1], [1856394000, 0, 0], [1869094800, 3600, 1], [1887843600, 0, 0], [1901149200, 3600, 1], [1919293200, 0, 0], [1932598800, 3600, 1], [1950742800, 0, 0], [1964048400, 3600, 1]]}, "online": {"status": 1, "bindId": "U4QQLlt44phrNTgc", "who": 1}}, "digest": {"thermostat": {"modeB": [{"channel": 0, "mode": 2, "targetTemp": 1800, "working": 1, "currentTemp": 1721, "state": 1, "onoff": 1, "sensorStatus": 1}]}}}}
2023/12/29 - 15:31:54		auto	LOG	WARNING	KeyError(0) in handle GETACK Appliance.System.All
2023/12/29 - 15:31:54	TX	http	GET	Appliance.Control.Electricity	{"electricity": {}}
2023/12/29 - 15:31:54	RX	http	GETACK	Appliance.Control.Electricity	{"electricity": {"channel": 0, "current": 7886, "voltage": 2312, "power": 1841272, "config": {"voltageRatio": 188, "electricityRatio": 100}}}
2023/12/29 - 15:31:54		auto	LOG	DEBUG	polling end
2023/12/29 - 15:32:24		auto	LOG	DEBUG	polling start
2023/12/29 - 15:32:24	TX	http	GET	Appliance.System.Debug	{"debug": {}}
2023/12/29 - 15:32:24	RX	http	GETACK	Appliance.System.Debug	{"debug": {"system": {"version": "4.2.6", "sysUpTime": "3h30m14s", "UTC": 1703863944, "localTimeOffset": 0, "localTime": "Fri Dec 29 15:32:24 2023", "suncalc": "8:26;15:57"}, "network": {"linkStatus": "connected", "signal": 60, "ssid": "######0", "gatewayMac": "################0", "innerIp": "############1", "wifiDisconnectCount": 0, "wifiDisconnectDetail": {"totalCount": 0, "detials": []}}, "cloud": {"activeServer": "#################0", "mainServer": "#################0", "mainPort": "@0", "secondServer": "#################0", "secondPort": "@0", "userId": "@0", "sysConnectTime": "Fri Dec 29 12:02:07 2023", "sysOnlineTime": "3h30m17s", "sysDisconnectCount": 0, "iotDisconnectDetail": {"totalCount": 0, "detials": []}}}}
2023/12/29 - 15:32:24	TX	http	GET	Appliance.System.All	{"all": {}}
2023/12/29 - 15:32:24	RX	http	GETACK	Appliance.System.All	{"all": {"system": {"hardware": {"type": "mts960", "subType": "eu", "version": "4.0.0", "chipType": "MT7686", "uuid": "###############################2", "macAddress": "################1"}, "firmware": {"version": "4.2.6", "homekitVersion": "2.0.1", "compileTime": "Oct 10 2023 09:34:37", "encrypt": 1, "wifiMac": "################1", "innerIp": "############1", "server": "#################0", "port": "@0", "userId": "@0"}, "time": {"timestamp": 1703863944, "timezone": "Europe/London", "timeRule": [[1667091600, 0, 0], [1679792400, 3600, 1], [1698541200, 0, 0], [1711846800, 3600, 1], [1729990800, 0, 0], [1743296400, 3600, 1], [1761440400, 0, 0], [1774746000, 3600, 1], [1792890000, 0, 0], [1806195600, 3600, 1], [1824944400, 0, 0], [1837645200, 3600, 1], [1856394000, 0, 0], [1869094800, 3600, 1], [1887843600, 0, 0], [1901149200, 3600, 1], [1919293200, 0, 0], [1932598800, 3600, 1], [1950742800, 0, 0], [1964048400, 3600, 1]]}, "online": {"status": 1, "bindId": "U4QQLlt44phrNTgc", "who": 1}}, "digest": {"thermostat": {"modeB": [{"channel": 0, "mode": 2, "targetTemp": 1800, "working": 1, "currentTemp": 1725, "state": 1, "onoff": 1, "sensorStatus": 1}]}}}}
2023/12/29 - 15:32:24		auto	LOG	WARNING	KeyError(0) in handle GETACK Appliance.System.All
2023/12/29 - 15:32:24	TX	http	GET	Appliance.Control.ConsumptionX	{"consumptionx": []}
2023/12/29 - 15:32:24	RX	http	GETACK	Appliance.Control.ConsumptionX	{"consumptionx": [{"date": "2023-12-29", "time": 1703863939, "value": 6822}]}
2023/12/29 - 15:32:24		auto	LOG	DEBUG	updating consumption=6822
2023/12/29 - 15:32:24	TX	http	GET	Appliance.Control.Electricity	{"electricity": {}}
2023/12/29 - 15:32:24	RX	http	GETACK	Appliance.Control.Electricity	{"electricity": {"channel": 0, "current": 7886, "voltage": 2312, "power": 1837737, "config": {"voltageRatio": 188, "electricityRatio": 100}}}
2023/12/29 - 15:32:24		auto	LOG	DEBUG	polling end
2023/12/29 - 15:32:54		auto	LOG	DEBUG	polling start
2023/12/29 - 15:32:54	TX	http	GET	Appliance.System.Debug	{"debug": {}}
2023/12/29 - 15:32:54	RX	http	GETACK	Appliance.System.Debug	{"debug": {"system": {"version": "4.2.6", "sysUpTime": "3h30m45s", "UTC": 1703863974, "localTimeOffset": 0, "localTime": "Fri Dec 29 15:32:54 2023", "suncalc": "8:26;15:57"}, "network": {"linkStatus": "connected", "signal": 60, "ssid": "######0", "gatewayMac": "################0", "innerIp": "############1", "wifiDisconnectCount": 0, "wifiDisconnectDetail": {"totalCount": 0, "detials": []}}, "cloud": {"activeServer": "#################0", "mainServer": "#################0", "mainPort": "@0", "secondServer": "#################0", "secondPort": "@0", "userId": "@0", "sysConnectTime": "Fri Dec 29 12:02:07 2023", "sysOnlineTime": "3h30m47s", "sysDisconnectCount": 0, "iotDisconnectDetail": {"totalCount": 0, "detials": []}}}}
2023/12/29 - 15:32:54	TX	http	GET	Appliance.System.All	{"all": {}}
2023/12/29 - 15:32:54	RX	http	GETACK	Appliance.System.All	{"all": {"system": {"hardware": {"type": "mts960", "subType": "eu", "version": "4.0.0", "chipType": "MT7686", "uuid": "###############################2", "macAddress": "################1"}, "firmware": {"version": "4.2.6", "homekitVersion": "2.0.1", "compileTime": "Oct 10 2023 09:34:37", "encrypt": 1, "wifiMac": "################1", "innerIp": "############1", "server": "#################0", "port": "@0", "userId": "@0"}, "time": {"timestamp": 1703863974, "timezone": "Europe/London", "timeRule": [[1667091600, 0, 0], [1679792400, 3600, 1], [1698541200, 0, 0], [1711846800, 3600, 1], [1729990800, 0, 0], [1743296400, 3600, 1], [1761440400, 0, 0], [1774746000, 3600, 1], [1792890000, 0, 0], [1806195600, 3600, 1], [1824944400, 0, 0], [1837645200, 3600, 1], [1856394000, 0, 0], [1869094800, 3600, 1], [1887843600, 0, 0], [1901149200, 3600, 1], [1919293200, 0, 0], [1932598800, 3600, 1], [1950742800, 0, 0], [1964048400, 3600, 1]]}, "online": {"status": 1, "bindId": "U4QQLlt44phrNTgc", "who": 1}}, "digest": {"thermostat": {"modeB": [{"channel": 0, "mode": 2, "targetTemp": 1800, "working": 1, "currentTemp": 1723, "state": 1, "onoff": 1, "sensorStatus": 1}]}}}}
2023/12/29 - 15:32:54		auto	LOG	WARNING	KeyError(0) in handle GETACK Appliance.System.All
2023/12/29 - 15:32:54	TX	http	GET	Appliance.Control.Electricity	{"electricity": {}}
2023/12/29 - 15:32:54	RX	http	GETACK	Appliance.Control.Electricity	{"electricity": {"channel": 0, "current": 7874, "voltage": 2312, "power": 1834917, "config": {"voltageRatio": 188, "electricityRatio": 100}}}
2023/12/29 - 15:32:54		auto	LOG	DEBUG	polling end
2023/12/29 - 15:33:24		auto	LOG	DEBUG	polling start
2023/12/29 - 15:33:24	TX	http	GET	Appliance.System.Debug	{"debug": {}}
2023/12/29 - 15:33:24	RX	http	GETACK	Appliance.System.Debug	{"debug": {"system": {"version": "4.2.6", "sysUpTime": "3h31m15s", "UTC": 1703864004, "localTimeOffset": 0, "localTime": "Fri Dec 29 15:33:24 2023", "suncalc": "8:26;15:57"}, "network": {"linkStatus": "connected", "signal": 60, "ssid": "######0", "gatewayMac": "################0", "innerIp": "############1", "wifiDisconnectCount": 0, "wifiDisconnectDetail": {"totalCount": 0, "detials": []}}, "cloud": {"activeServer": "#################0", "mainServer": "#################0", "mainPort": "@0", "secondServer": "#################0", "secondPort": "@0", "userId": "@0", "sysConnectTime": "Fri Dec 29 12:02:07 2023", "sysOnlineTime": "3h31m17s", "sysDisconnectCount": 0, "iotDisconnectDetail": {"totalCount": 0, "detials": []}}}}
2023/12/29 - 15:33:24	TX	http	GET	Appliance.System.All	{"all": {}}
2023/12/29 - 15:33:24	RX	http	GETACK	Appliance.System.All	{"all": {"system": {"hardware": {"type": "mts960", "subType": "eu", "version": "4.0.0", "chipType": "MT7686", "uuid": "###############################2", "macAddress": "################1"}, "firmware": {"version": "4.2.6", "homekitVersion": "2.0.1", "compileTime": "Oct 10 2023 09:34:37", "encrypt": 1, "wifiMac": "################1", "innerIp": "############1", "server": "#################0", "port": "@0", "userId": "@0"}, "time": {"timestamp": 1703864004, "timezone": "Europe/London", "timeRule": [[1667091600, 0, 0], [1679792400, 3600, 1], [1698541200, 0, 0], [1711846800, 3600, 1], [1729990800, 0, 0], [1743296400, 3600, 1], [1761440400, 0, 0], [1774746000, 3600, 1], [1792890000, 0, 0], [1806195600, 3600, 1], [1824944400, 0, 0], [1837645200, 3600, 1], [1856394000, 0, 0], [1869094800, 3600, 1], [1887843600, 0, 0], [1901149200, 3600, 1], [1919293200, 0, 0], [1932598800, 3600, 1], [1950742800, 0, 0], [1964048400, 3600, 1]]}, "online": {"status": 1, "bindId": "U4QQLlt44phrNTgc", "who": 1}}, "digest": {"thermostat": {"modeB": [{"channel": 0, "mode": 2, "targetTemp": 1800, "working": 1, "currentTemp": 1712, "state": 1, "onoff": 1, "sensorStatus": 1}]}}}}
2023/12/29 - 15:33:24		auto	LOG	WARNING	KeyError(0) in handle GETACK Appliance.System.All
2023/12/29 - 15:33:24	TX	http	GET	Appliance.Control.ConsumptionX	{"consumptionx": []}
2023/12/29 - 15:33:24	RX	http	GETACK	Appliance.Control.ConsumptionX	{"consumptionx": [{"date": "2023-12-29", "time": 1703863999, "value": 6853}]}
2023/12/29 - 15:33:24		auto	LOG	DEBUG	updating consumption=6853
2023/12/29 - 15:33:24	TX	http	GET	Appliance.Control.Electricity	{"electricity": {}}
2023/12/29 - 15:33:24	RX	http	GETACK	Appliance.Control.Electricity	{"electricity": {"channel": 0, "current": 7886, "voltage": 2312, "power": 1838790, "config": {"voltageRatio": 188, "electricityRatio": 100}}}
2023/12/29 - 15:33:24		auto	LOG	DEBUG	polling end
2023/12/29 - 15:33:54		auto	LOG	DEBUG	polling start
2023/12/29 - 15:33:54	TX	http	GET	Appliance.System.Debug	{"debug": {}}
2023/12/29 - 15:33:54	RX	http	GETACK	Appliance.System.Debug	{"debug": {"system": {"version": "4.2.6", "sysUpTime": "3h31m45s", "UTC": 1703864034, "localTimeOffset": 0, "localTime": "Fri Dec 29 15:33:54 2023", "suncalc": "8:26;15:57"}, "network": {"linkStatus": "connected", "signal": 60, "ssid": "######0", "gatewayMac": "################0", "innerIp": "############1", "wifiDisconnectCount": 0, "wifiDisconnectDetail": {"totalCount": 0, "detials": []}}, "cloud": {"activeServer": "#################0", "mainServer": "#################0", "mainPort": "@0", "secondServer": "#################0", "secondPort": "@0", "userId": "@0", "sysConnectTime": "Fri Dec 29 12:02:07 2023", "sysOnlineTime": "3h31m47s", "sysDisconnectCount": 0, "iotDisconnectDetail": {"totalCount": 0, "detials": []}}}}
2023/12/29 - 15:33:54	TX	http	GET	Appliance.System.All	{"all": {}}
2023/12/29 - 15:33:54	RX	http	GETACK	Appliance.System.All	{"all": {"system": {"hardware": {"type": "mts960", "subType": "eu", "version": "4.0.0", "chipType": "MT7686", "uuid": "###############################2", "macAddress": "################1"}, "firmware": {"version": "4.2.6", "homekitVersion": "2.0.1", "compileTime": "Oct 10 2023 09:34:37", "encrypt": 1, "wifiMac": "################1", "innerIp": "############1", "server": "#################0", "port": "@0", "userId": "@0"}, "time": {"timestamp": 1703864034, "timezone": "Europe/London", "timeRule": [[1667091600, 0, 0], [1679792400, 3600, 1], [1698541200, 0, 0], [1711846800, 3600, 1], [1729990800, 0, 0], [1743296400, 3600, 1], [1761440400, 0, 0], [1774746000, 3600, 1], [1792890000, 0, 0], [1806195600, 3600, 1], [1824944400, 0, 0], [1837645200, 3600, 1], [1856394000, 0, 0], [1869094800, 3600, 1], [1887843600, 0, 0], [1901149200, 3600, 1], [1919293200, 0, 0], [1932598800, 3600, 1], [1950742800, 0, 0], [1964048400, 3600, 1]]}, "online": {"status": 1, "bindId": "U4QQLlt44phrNTgc", "who": 1}}, "digest": {"thermostat": {"modeB": [{"channel": 0, "mode": 2, "targetTemp": 1800, "working": 1, "currentTemp": 1723, "state": 1, "onoff": 1, "sensorStatus": 1}]}}}}
2023/12/29 - 15:33:54		auto	LOG	WARNING	KeyError(0) in handle GETACK Appliance.System.All
2023/12/29 - 15:33:54	TX	http	GET	Appliance.Control.Electricity	{"electricity": {}}
2023/12/29 - 15:33:54	RX	http	GETACK	Appliance.Control.Electricity	{"electricity": {"channel": 0, "current": 7898, "voltage": 2312, "power": 1843753, "config": {"voltageRatio": 188, "electricityRatio": 100}}}
2023/12/29 - 15:33:54		auto	LOG	DEBUG	polling end
2023/12/29 - 15:34:24		auto	LOG	DEBUG	polling start
2023/12/29 - 15:34:24	TX	http	GET	Appliance.System.Debug	{"debug": {}}
2023/12/29 - 15:34:24	RX	http	GETACK	Appliance.System.Debug	{"debug": {"system": {"version": "4.2.6", "sysUpTime": "3h32m15s", "UTC": 1703864064, "localTimeOffset": 0, "localTime": "Fri Dec 29 15:34:24 2023", "suncalc": "8:26;15:57"}, "network": {"linkStatus": "connected", "signal": 60, "ssid": "######0", "gatewayMac": "################0", "innerIp": "############1", "wifiDisconnectCount": 0, "wifiDisconnectDetail": {"totalCount": 0, "detials": []}}, "cloud": {"activeServer": "#################0", "mainServer": "#################0", "mainPort": "@0", "secondServer": "#################0", "secondPort": "@0", "userId": "@0", "sysConnectTime": "Fri Dec 29 12:02:07 2023", "sysOnlineTime": "3h32m17s", "sysDisconnectCount": 0, "iotDisconnectDetail": {"totalCount": 0, "detials": []}}}}
2023/12/29 - 15:34:24	TX	http	GET	Appliance.System.All	{"all": {}}
2023/12/29 - 15:34:25	RX	http	GETACK	Appliance.System.All	{"all": {"system": {"hardware": {"type": "mts960", "subType": "eu", "version": "4.0.0", "chipType": "MT7686", "uuid": "###############################2", "macAddress": "################1"}, "firmware": {"version": "4.2.6", "homekitVersion": "2.0.1", "compileTime": "Oct 10 2023 09:34:37", "encrypt": 1, "wifiMac": "################1", "innerIp": "############1", "server": "#################0", "port": "@0", "userId": "@0"}, "time": {"timestamp": 1703864064, "timezone": "Europe/London", "timeRule": [[1667091600, 0, 0], [1679792400, 3600, 1], [1698541200, 0, 0], [1711846800, 3600, 1], [1729990800, 0, 0], [1743296400, 3600, 1], [1761440400, 0, 0], [1774746000, 3600, 1], [1792890000, 0, 0], [1806195600, 3600, 1], [1824944400, 0, 0], [1837645200, 3600, 1], [1856394000, 0, 0], [1869094800, 3600, 1], [1887843600, 0, 0], [1901149200, 3600, 1], [1919293200, 0, 0], [1932598800, 3600, 1], [1950742800, 0, 0], [1964048400, 3600, 1]]}, "online": {"status": 1, "bindId": "U4QQLlt44phrNTgc", "who": 1}}, "digest": {"thermostat": {"modeB": [{"channel": 0, "mode": 2, "targetTemp": 1800, "working": 1, "currentTemp": 1710, "state": 1, "onoff": 1, "sensorStatus": 1}]}}}}
2023/12/29 - 15:34:25		auto	LOG	WARNING	KeyError(0) in handle GETACK Appliance.System.All
2023/12/29 - 15:34:25	TX	http	GET	Appliance.Control.ConsumptionX	{"consumptionx": []}
2023/12/29 - 15:34:25	RX	http	GETACK	Appliance.Control.ConsumptionX	{"consumptionx": [{"date": "2023-12-29", "time": 1703864059, "value": 6884}]}
2023/12/29 - 15:34:25		auto	LOG	DEBUG	updating consumption=6884
2023/12/29 - 15:34:25	TX	http	GET	Appliance.Control.Electricity	{"electricity": {}}
2023/12/29 - 15:34:25	RX	http	GETACK	Appliance.Control.Electricity	{"electricity": {"channel": 0, "current": 7902, "voltage": 2312, "power": 1846968, "config": {"voltageRatio": 188, "electricityRatio": 100}}}
2023/12/29 - 15:34:25		auto	LOG	DEBUG	polling end
2023/12/29 - 15:34:55		auto	LOG	DEBUG	polling start
2023/12/29 - 15:34:55	TX	http	GET	Appliance.System.Debug	{"debug": {}}
2023/12/29 - 15:34:55	RX	http	GETACK	Appliance.System.Debug	{"debug": {"system": {"version": "4.2.6", "sysUpTime": "3h32m45s", "UTC": 1703864094, "localTimeOffset": 0, "localTime": "Fri Dec 29 15:34:54 2023", "suncalc": "8:26;15:57"}, "network": {"linkStatus": "connected", "signal": 60, "ssid": "######0", "gatewayMac": "################0", "innerIp": "############1", "wifiDisconnectCount": 0, "wifiDisconnectDetail": {"totalCount": 0, "detials": []}}, "cloud": {"activeServer": "#################0", "mainServer": "#################0", "mainPort": "@0", "secondServer": "#################0", "secondPort": "@0", "userId": "@0", "sysConnectTime": "Fri Dec 29 12:02:07 2023", "sysOnlineTime": "3h32m47s", "sysDisconnectCount": 0, "iotDisconnectDetail": {"totalCount": 0, "detials": []}}}}
2023/12/29 - 15:34:55	TX	http	GET	Appliance.System.All	{"all": {}}
2023/12/29 - 15:34:55	RX	http	GETACK	Appliance.System.All	{"all": {"system": {"hardware": {"type": "mts960", "subType": "eu", "version": "4.0.0", "chipType": "MT7686", "uuid": "###############################2", "macAddress": "################1"}, "firmware": {"version": "4.2.6", "homekitVersion": "2.0.1", "compileTime": "Oct 10 2023 09:34:37", "encrypt": 1, "wifiMac": "################1", "innerIp": "############1", "server": "#################0", "port": "@0", "userId": "@0"}, "time": {"timestamp": 1703864094, "timezone": "Europe/London", "timeRule": [[1667091600, 0, 0], [1679792400, 3600, 1], [1698541200, 0, 0], [1711846800, 3600, 1], [1729990800, 0, 0], [1743296400, 3600, 1], [1761440400, 0, 0], [1774746000, 3600, 1], [1792890000, 0, 0], [1806195600, 3600, 1], [1824944400, 0, 0], [1837645200, 3600, 1], [1856394000, 0, 0], [1869094800, 3600, 1], [1887843600, 0, 0], [1901149200, 3600, 1], [1919293200, 0, 0], [1932598800, 3600, 1], [1950742800, 0, 0], [1964048400, 3600, 1]]}, "online": {"status": 1, "bindId": "U4QQLlt44phrNTgc", "who": 1}}, "digest": {"thermostat": {"modeB": [{"channel": 0, "mode": 2, "targetTemp": 1800, "working": 1, "currentTemp": 1708, "state": 1, "onoff": 1, "sensorStatus": 1}]}}}}
2023/12/29 - 15:34:55		auto	LOG	WARNING	KeyError(0) in handle GETACK Appliance.System.All
2023/12/29 - 15:34:55	TX	http	GET	Appliance.Control.Electricity	{"electricity": {}}
2023/12/29 - 15:34:55	RX	http	GETACK	Appliance.Control.Electricity	{"electricity": {"channel": 0, "current": 7894, "voltage": 2312, "power": 1844468, "config": {"voltageRatio": 188, "electricityRatio": 100}}}
2023/12/29 - 15:34:55		auto	LOG	DEBUG	polling end
2023/12/29 - 15:35:25		auto	LOG	DEBUG	polling start
2023/12/29 - 15:35:25	TX	http	GET	Appliance.System.Debug	{"debug": {}}
2023/12/29 - 15:35:25	RX	http	GETACK	Appliance.System.Debug	{"debug": {"system": {"version": "4.2.6", "sysUpTime": "3h33m15s", "UTC": 1703864124, "localTimeOffset": 0, "localTime": "Fri Dec 29 15:35:24 2023", "suncalc": "8:26;15:57"}, "network": {"linkStatus": "connected", "signal": 60, "ssid": "######0", "gatewayMac": "################0", "innerIp": "############1", "wifiDisconnectCount": 0, "wifiDisconnectDetail": {"totalCount": 0, "detials": []}}, "cloud": {"activeServer": "#################0", "mainServer": "#################0", "mainPort": "@0", "secondServer": "#################0", "secondPort": "@0", "userId": "@0", "sysConnectTime": "Fri Dec 29 12:02:07 2023", "sysOnlineTime": "3h33m17s", "sysDisconnectCount": 0, "iotDisconnectDetail": {"totalCount": 0, "detials": []}}}}
2023/12/29 - 15:35:25	TX	http	GET	Appliance.System.All	{"all": {}}
2023/12/29 - 15:35:25	RX	http	GETACK	Appliance.System.All	{"all": {"system": {"hardware": {"type": "mts960", "subType": "eu", "version": "4.0.0", "chipType": "MT7686", "uuid": "###############################2", "macAddress": "################1"}, "firmware": {"version": "4.2.6", "homekitVersion": "2.0.1", "compileTime": "Oct 10 2023 09:34:37", "encrypt": 1, "wifiMac": "################1", "innerIp": "############1", "server": "#################0", "port": "@0", "userId": "@0"}, "time": {"timestamp": 1703864124, "timezone": "Europe/London", "timeRule": [[1667091600, 0, 0], [1679792400, 3600, 1], [1698541200, 0, 0], [1711846800, 3600, 1], [1729990800, 0, 0], [1743296400, 3600, 1], [1761440400, 0, 0], [1774746000, 3600, 1], [1792890000, 0, 0], [1806195600, 3600, 1], [1824944400, 0, 0], [1837645200, 3600, 1], [1856394000, 0, 0], [1869094800, 3600, 1], [1887843600, 0, 0], [1901149200, 3600, 1], [1919293200, 0, 0], [1932598800, 3600, 1], [1950742800, 0, 0], [1964048400, 3600, 1]]}, "online": {"status": 1, "bindId": "U4QQLlt44phrNTgc", "who": 1}}, "digest": {"thermostat": {"modeB": [{"channel": 0, "mode": 2, "targetTemp": 1800, "working": 1, "currentTemp": 1702, "state": 1, "onoff": 1, "sensorStatus": 1}]}}}}
2023/12/29 - 15:35:25		auto	LOG	WARNING	KeyError(0) in handle GETACK Appliance.System.All
2023/12/29 - 15:35:25	TX	http	GET	Appliance.Control.ConsumptionX	{"consumptionx": []}
2023/12/29 - 15:35:25	RX	http	GETACK	Appliance.Control.ConsumptionX	{"consumptionx": [{"date": "2023-12-29", "time": 1703864119, "value": 6915}]}
2023/12/29 - 15:35:25		auto	LOG	DEBUG	updating consumption=6915
2023/12/29 - 15:35:25	TX	http	GET	Appliance.Control.Electricity	{"electricity": {}}
2023/12/29 - 15:35:25	RX	http	GETACK	Appliance.Control.Electricity	{"electricity": {"channel": 0, "current": 7886, "voltage": 2312, "power": 1837737, "config": {"voltageRatio": 188, "electricityRatio": 100}}}
2023/12/29 - 15:35:25		auto	LOG	DEBUG	polling end
2023/12/29 - 15:35:55		auto	LOG	DEBUG	polling start
2023/12/29 - 15:35:55	TX	http	GET	Appliance.System.Debug	{"debug": {}}
2023/12/29 - 15:35:55	RX	http	GETACK	Appliance.System.Debug	{"debug": {"system": {"version": "4.2.6", "sysUpTime": "3h33m45s", "UTC": 1703864154, "localTimeOffset": 0, "localTime": "Fri Dec 29 15:35:54 2023", "suncalc": "8:26;15:57"}, "network": {"linkStatus": "connected", "signal": 57, "ssid": "######0", "gatewayMac": "################0", "innerIp": "############1", "wifiDisconnectCount": 0, "wifiDisconnectDetail": {"totalCount": 0, "detials": []}}, "cloud": {"activeServer": "#################0", "mainServer": "#################0", "mainPort": "@0", "secondServer": "#################0", "secondPort": "@0", "userId": "@0", "sysConnectTime": "Fri Dec 29 12:02:07 2023", "sysOnlineTime": "3h33m47s", "sysDisconnectCount": 0, "iotDisconnectDetail": {"totalCount": 0, "detials": []}}}}
2023/12/29 - 15:35:55	TX	http	GET	Appliance.System.All	{"all": {}}
2023/12/29 - 15:35:55	RX	http	GETACK	Appliance.System.All	{"all": {"system": {"hardware": {"type": "mts960", "subType": "eu", "version": "4.0.0", "chipType": "MT7686", "uuid": "###############################2", "macAddress": "################1"}, "firmware": {"version": "4.2.6", "homekitVersion": "2.0.1", "compileTime": "Oct 10 2023 09:34:37", "encrypt": 1, "wifiMac": "################1", "innerIp": "############1", "server": "#################0", "port": "@0", "userId": "@0"}, "time": {"timestamp": 1703864154, "timezone": "Europe/London", "timeRule": [[1667091600, 0, 0], [1679792400, 3600, 1], [1698541200, 0, 0], [1711846800, 3600, 1], [1729990800, 0, 0], [1743296400, 3600, 1], [1761440400, 0, 0], [1774746000, 3600, 1], [1792890000, 0, 0], [1806195600, 3600, 1], [1824944400, 0, 0], [1837645200, 3600, 1], [1856394000, 0, 0], [1869094800, 3600, 1], [1887843600, 0, 0], [1901149200, 3600, 1], [1919293200, 0, 0], [1932598800, 3600, 1], [1950742800, 0, 0], [1964048400, 3600, 1]]}, "online": {"status": 1, "bindId": "U4QQLlt44phrNTgc", "who": 1}}, "digest": {"thermostat": {"modeB": [{"channel": 0, "mode": 2, "targetTemp": 1800, "working": 1, "currentTemp": 1713, "state": 1, "onoff": 1, "sensorStatus": 1}]}}}}
2023/12/29 - 15:35:55		auto	LOG	WARNING	KeyError(0) in handle GETACK Appliance.System.All
2023/12/29 - 15:35:55	TX	http	GET	Appliance.System.Runtime	{"runtime": {}}
2023/12/29 - 15:35:55	RX	http	GETACK	Appliance.System.Runtime	{"runtime": {"signal": 60}}
2023/12/29 - 15:35:55	TX	http	GET	Appliance.Control.Electricity	{"electricity": {}}
2023/12/29 - 15:35:55	RX	http	GETACK	Appliance.Control.Electricity	{"electricity": {"channel": 0, "current": 7886, "voltage": 2312, "power": 1836327, "config": {"voltageRatio": 188, "electricityRatio": 100}}}
2023/12/29 - 15:35:55		auto	LOG	DEBUG	polling end
2023/12/29 - 15:36:25		auto	LOG	DEBUG	polling start
2023/12/29 - 15:36:25	TX	http	GET	Appliance.System.Debug	{"debug": {}}
2023/12/29 - 15:36:25	RX	http	GETACK	Appliance.System.Debug	{"debug": {"system": {"version": "4.2.6", "sysUpTime": "3h34m15s", "UTC": 1703864185, "localTimeOffset": 0, "localTime": "Fri Dec 29 15:36:25 2023", "suncalc": "8:26;15:57"}, "network": {"linkStatus": "connected", "signal": 60, "ssid": "######0", "gatewayMac": "################0", "innerIp": "############1", "wifiDisconnectCount": 0, "wifiDisconnectDetail": {"totalCount": 0, "detials": []}}, "cloud": {"activeServer": "#################0", "mainServer": "#################0", "mainPort": "@0", "secondServer": "#################0", "secondPort": "@0", "userId": "@0", "sysConnectTime": "Fri Dec 29 12:02:07 2023", "sysOnlineTime": "3h34m18s", "sysDisconnectCount": 0, "iotDisconnectDetail": {"totalCount": 0, "detials": []}}}}
2023/12/29 - 15:36:25	TX	http	GET	Appliance.System.All	{"all": {}}
2023/12/29 - 15:36:25	RX	http	GETACK	Appliance.System.All	{"all": {"system": {"hardware": {"type": "mts960", "subType": "eu", "version": "4.0.0", "chipType": "MT7686", "uuid": "###############################2", "macAddress": "################1"}, "firmware": {"version": "4.2.6", "homekitVersion": "2.0.1", "compileTime": "Oct 10 2023 09:34:37", "encrypt": 1, "wifiMac": "################1", "innerIp": "############1", "server": "#################0", "port": "@0", "userId": "@0"}, "time": {"timestamp": 1703864185, "timezone": "Europe/London", "timeRule": [[1667091600, 0, 0], [1679792400, 3600, 1], [1698541200, 0, 0], [1711846800, 3600, 1], [1729990800, 0, 0], [1743296400, 3600, 1], [1761440400, 0, 0], [1774746000, 3600, 1], [1792890000, 0, 0], [1806195600, 3600, 1], [1824944400, 0, 0], [1837645200, 3600, 1], [1856394000, 0, 0], [1869094800, 3600, 1], [1887843600, 0, 0], [1901149200, 3600, 1], [1919293200, 0, 0], [1932598800, 3600, 1], [1950742800, 0, 0], [1964048400, 3600, 1]]}, "online": {"status": 1, "bindId": "U4QQLlt44phrNTgc", "who": 1}}, "digest": {"thermostat": {"modeB": [{"channel": 0, "mode": 2, "targetTemp": 1800, "working": 1, "currentTemp": 1719, "state": 1, "onoff": 1, "sensorStatus": 1}]}}}}
2023/12/29 - 15:36:25		auto	LOG	WARNING	KeyError(0) in handle GETACK Appliance.System.All
2023/12/29 - 15:36:25	TX	http	GET	Appliance.Control.ConsumptionX	{"consumptionx": []}
2023/12/29 - 15:36:25	RX	http	GETACK	Appliance.Control.ConsumptionX	{"consumptionx": [{"date": "2023-12-29", "time": 1703864179, "value": 6946}]}
2023/12/29 - 15:36:25		auto	LOG	DEBUG	updating consumption=6946
2023/12/29 - 15:36:25	TX	http	GET	Appliance.Control.Electricity	{"electricity": {}}
2023/12/29 - 15:36:25	RX	http	GETACK	Appliance.Control.Electricity	{"electricity": {"channel": 0, "current": 7894, "voltage": 2312, "power": 1841629, "config": {"voltageRatio": 188, "electricityRatio": 100}}}
2023/12/29 - 15:36:25		auto	LOG	DEBUG	polling end
2023/12/29 - 15:36:55		auto	LOG	DEBUG	polling start
2023/12/29 - 15:36:55	TX	http	GET	Appliance.System.Debug	{"debug": {}}
2023/12/29 - 15:36:55	RX	http	GETACK	Appliance.System.Debug	{"debug": {"system": {"version": "4.2.6", "sysUpTime": "3h34m45s", "UTC": 1703864215, "localTimeOffset": 0, "localTime": "Fri Dec 29 15:36:55 2023", "suncalc": "8:26;15:57"}, "network": {"linkStatus": "connected", "signal": 60, "ssid": "######0", "gatewayMac": "################0", "innerIp": "############1", "wifiDisconnectCount": 0, "wifiDisconnectDetail": {"totalCount": 0, "detials": []}}, "cloud": {"activeServer": "#################0", "mainServer": "#################0", "mainPort": "@0", "secondServer": "#################0", "secondPort": "@0", "userId": "@0", "sysConnectTime": "Fri Dec 29 12:02:07 2023", "sysOnlineTime": "3h34m48s", "sysDisconnectCount": 0, "iotDisconnectDetail": {"totalCount": 0, "detials": []}}}}
2023/12/29 - 15:36:55	TX	http	GET	Appliance.System.All	{"all": {}}
2023/12/29 - 15:36:55	RX	http	GETACK	Appliance.System.All	{"all": {"system": {"hardware": {"type": "mts960", "subType": "eu", "version": "4.0.0", "chipType": "MT7686", "uuid": "###############################2", "macAddress": "################1"}, "firmware": {"version": "4.2.6", "homekitVersion": "2.0.1", "compileTime": "Oct 10 2023 09:34:37", "encrypt": 1, "wifiMac": "################1", "innerIp": "############1", "server": "#################0", "port": "@0", "userId": "@0"}, "time": {"timestamp": 1703864215, "timezone": "Europe/London", "timeRule": [[1667091600, 0, 0], [1679792400, 3600, 1], [1698541200, 0, 0], [1711846800, 3600, 1], [1729990800, 0, 0], [1743296400, 3600, 1], [1761440400, 0, 0], [1774746000, 3600, 1], [1792890000, 0, 0], [1806195600, 3600, 1], [1824944400, 0, 0], [1837645200, 3600, 1], [1856394000, 0, 0], [1869094800, 3600, 1], [1887843600, 0, 0], [1901149200, 3600, 1], [1919293200, 0, 0], [1932598800, 3600, 1], [1950742800, 0, 0], [1964048400, 3600, 1]]}, "online": {"status": 1, "bindId": "U4QQLlt44phrNTgc", "who": 1}}, "digest": {"thermostat": {"modeB": [{"channel": 0, "mode": 2, "targetTemp": 1800, "working": 1, "currentTemp": 1722, "state": 1, "onoff": 1, "sensorStatus": 1}]}}}}
2023/12/29 - 15:36:55		auto	LOG	WARNING	KeyError(0) in handle GETACK Appliance.System.All
2023/12/29 - 15:36:55	TX	http	GET	Appliance.Control.Electricity	{"electricity": {}}
2023/12/29 - 15:36:55	RX	http	GETACK	Appliance.Control.Electricity	{"electricity": {"channel": 0, "current": 7886, "voltage": 2312, "power": 1839504, "config": {"voltageRatio": 188, "electricityRatio": 100}}}
2023/12/29 - 15:36:55		auto	LOG	DEBUG	polling end
2023/12/29 - 15:37:25		auto	LOG	DEBUG	polling start
2023/12/29 - 15:37:25	TX	http	GET	Appliance.System.Debug	{"debug": {}}
2023/12/29 - 15:37:25	RX	http	GETACK	Appliance.System.Debug	{"debug": {"system": {"version": "4.2.6", "sysUpTime": "3h35m16s", "UTC": 1703864245, "localTimeOffset": 0, "localTime": "Fri Dec 29 15:37:25 2023", "suncalc": "8:26;15:57"}, "network": {"linkStatus": "connected", "signal": 60, "ssid": "######0", "gatewayMac": "################0", "innerIp": "############1", "wifiDisconnectCount": 0, "wifiDisconnectDetail": {"totalCount": 0, "detials": []}}, "cloud": {"activeServer": "#################0", "mainServer": "#################0", "mainPort": "@0", "secondServer": "#################0", "secondPort": "@0", "userId": "@0", "sysConnectTime": "Fri Dec 29 12:02:07 2023", "sysOnlineTime": "3h35m18s", "sysDisconnectCount": 0, "iotDisconnectDetail": {"totalCount": 0, "detials": []}}}}
2023/12/29 - 15:37:25	TX	http	GET	Appliance.System.All	{"all": {}}
2023/12/29 - 15:37:25	RX	http	GETACK	Appliance.System.All	{"all": {"system": {"hardware": {"type": "mts960", "subType": "eu", "version": "4.0.0", "chipType": "MT7686", "uuid": "###############################2", "macAddress": "################1"}, "firmware": {"version": "4.2.6", "homekitVersion": "2.0.1", "compileTime": "Oct 10 2023 09:34:37", "encrypt": 1, "wifiMac": "################1", "innerIp": "############1", "server": "#################0", "port": "@0", "userId": "@0"}, "time": {"timestamp": 1703864245, "timezone": "Europe/London", "timeRule": [[1667091600, 0, 0], [1679792400, 3600, 1], [1698541200, 0, 0], [1711846800, 3600, 1], [1729990800, 0, 0], [1743296400, 3600, 1], [1761440400, 0, 0], [1774746000, 3600, 1], [1792890000, 0, 0], [1806195600, 3600, 1], [1824944400, 0, 0], [1837645200, 3600, 1], [1856394000, 0, 0], [1869094800, 3600, 1], [1887843600, 0, 0], [1901149200, 3600, 1], [1919293200, 0, 0], [1932598800, 3600, 1], [1950742800, 0, 0], [1964048400, 3600, 1]]}, "online": {"status": 1, "bindId": "U4QQLlt44phrNTgc", "who": 1}}, "digest": {"thermostat": {"modeB": [{"channel": 0, "mode": 2, "targetTemp": 1800, "working": 1, "currentTemp": 1716, "state": 1, "onoff": 1, "sensorStatus": 1}]}}}}
2023/12/29 - 15:37:25		auto	LOG	WARNING	KeyError(0) in handle GETACK Appliance.System.All
2023/12/29 - 15:37:25	TX	http	GET	Appliance.Control.ConsumptionX	{"consumptionx": []}
2023/12/29 - 15:37:25	RX	http	GETACK	Appliance.Control.ConsumptionX	{"consumptionx": [{"date": "2023-12-29", "time": 1703864239, "value": 6976}]}
2023/12/29 - 15:37:25		auto	LOG	DEBUG	updating consumption=6976
2023/12/29 - 15:37:25	TX	http	GET	Appliance.Control.Electricity	{"electricity": {}}
2023/12/29 - 15:37:25	RX	http	GETACK	Appliance.Control.Electricity	{"electricity": {"channel": 0, "current": 7894, "voltage": 2312, "power": 1837737, "config": {"voltageRatio": 188, "electricityRatio": 100}}}
2023/12/29 - 15:37:25		auto	LOG	DEBUG	polling end
2023/12/29 - 15:37:55		auto	LOG	DEBUG	polling start
2023/12/29 - 15:37:55	TX	http	GET	Appliance.System.Debug	{"debug": {}}
2023/12/29 - 15:37:55	RX	http	GETACK	Appliance.System.Debug	{"debug": {"system": {"version": "4.2.6", "sysUpTime": "3h35m46s", "UTC": 1703864275, "localTimeOffset": 0, "localTime": "Fri Dec 29 15:37:55 2023", "suncalc": "8:26;15:57"}, "network": {"linkStatus": "connected", "signal": 60, "ssid": "######0", "gatewayMac": "################0", "innerIp": "############1", "wifiDisconnectCount": 0, "wifiDisconnectDetail": {"totalCount": 0, "detials": []}}, "cloud": {"activeServer": "#################0", "mainServer": "#################0", "mainPort": "@0", "secondServer": "#################0", "secondPort": "@0", "userId": "@0", "sysConnectTime": "Fri Dec 29 12:02:07 2023", "sysOnlineTime": "3h35m48s", "sysDisconnectCount": 0, "iotDisconnectDetail": {"totalCount": 0, "detials": []}}}}
2023/12/29 - 15:37:55	TX	http	GET	Appliance.System.All	{"all": {}}
2023/12/29 - 15:37:55	RX	http	GETACK	Appliance.System.All	{"all": {"system": {"hardware": {"type": "mts960", "subType": "eu", "version": "4.0.0", "chipType": "MT7686", "uuid": "###############################2", "macAddress": "################1"}, "firmware": {"version": "4.2.6", "homekitVersion": "2.0.1", "compileTime": "Oct 10 2023 09:34:37", "encrypt": 1, "wifiMac": "################1", "innerIp": "############1", "server": "#################0", "port": "@0", "userId": "@0"}, "time": {"timestamp": 1703864275, "timezone": "Europe/London", "timeRule": [[1667091600, 0, 0], [1679792400, 3600, 1], [1698541200, 0, 0], [1711846800, 3600, 1], [1729990800, 0, 0], [1743296400, 3600, 1], [1761440400, 0, 0], [1774746000, 3600, 1], [1792890000, 0, 0], [1806195600, 3600, 1], [1824944400, 0, 0], [1837645200, 3600, 1], [1856394000, 0, 0], [1869094800, 3600, 1], [1887843600, 0, 0], [1901149200, 3600, 1], [1919293200, 0, 0], [1932598800, 3600, 1], [1950742800, 0, 0], [1964048400, 3600, 1]]}, "online": {"status": 1, "bindId": "U4QQLlt44phrNTgc", "who": 1}}, "digest": {"thermostat": {"modeB": [{"channel": 0, "mode": 2, "targetTemp": 1800, "working": 1, "currentTemp": 1710, "state": 1, "onoff": 1, "sensorStatus": 1}]}}}}
2023/12/29 - 15:37:55		auto	LOG	WARNING	KeyError(0) in handle GETACK Appliance.System.All
2023/12/29 - 15:37:55	TX	http	GET	Appliance.Control.Electricity	{"electricity": {}}
2023/12/29 - 15:37:55	RX	http	GETACK	Appliance.Control.Electricity	{"electricity": {"channel": 0, "current": 8113, "voltage": 2368, "power": 1947341, "config": {"voltageRatio": 188, "electricityRatio": 100}}}
2023/12/29 - 15:37:55		auto	LOG	DEBUG	polling end
2023/12/29 - 15:38:25		auto	LOG	DEBUG	polling start
2023/12/29 - 15:38:25	TX	http	GET	Appliance.System.Debug	{"debug": {}}
2023/12/29 - 15:38:25	RX	http	GETACK	Appliance.System.Debug	{"debug": {"system": {"version": "4.2.6", "sysUpTime": "3h36m16s", "UTC": 1703864305, "localTimeOffset": 0, "localTime": "Fri Dec 29 15:38:25 2023", "suncalc": "8:26;15:57"}, "network": {"linkStatus": "connected", "signal": 60, "ssid": "######0", "gatewayMac": "################0", "innerIp": "############1", "wifiDisconnectCount": 0, "wifiDisconnectDetail": {"totalCount": 0, "detials": []}}, "cloud": {"activeServer": "#################0", "mainServer": "#################0", "mainPort": "@0", "secondServer": "#################0", "secondPort": "@0", "userId": "@0", "sysConnectTime": "Fri Dec 29 12:02:07 2023", "sysOnlineTime": "3h36m18s", "sysDisconnectCount": 0, "iotDisconnectDetail": {"totalCount": 0, "detials": []}}}}
2023/12/29 - 15:38:25	TX	http	GET	Appliance.System.All	{"all": {}}
2023/12/29 - 15:38:26	RX	http	GETACK	Appliance.System.All	{"all": {"system": {"hardware": {"type": "mts960", "subType": "eu", "version": "4.0.0", "chipType": "MT7686", "uuid": "###############################2", "macAddress": "################1"}, "firmware": {"version": "4.2.6", "homekitVersion": "2.0.1", "compileTime": "Oct 10 2023 09:34:37", "encrypt": 1, "wifiMac": "################1", "innerIp": "############1", "server": "#################0", "port": "@0", "userId": "@0"}, "time": {"timestamp": 1703864305, "timezone": "Europe/London", "timeRule": [[1667091600, 0, 0], [1679792400, 3600, 1], [1698541200, 0, 0], [1711846800, 3600, 1], [1729990800, 0, 0], [1743296400, 3600, 1], [1761440400, 0, 0], [1774746000, 3600, 1], [1792890000, 0, 0], [1806195600, 3600, 1], [1824944400, 0, 0], [1837645200, 3600, 1], [1856394000, 0, 0], [1869094800, 3600, 1], [1887843600, 0, 0], [1901149200, 3600, 1], [1919293200, 0, 0], [1932598800, 3600, 1], [1950742800, 0, 0], [1964048400, 3600, 1]]}, "online": {"status": 1, "bindId": "U4QQLlt44phrNTgc", "who": 1}}, "digest": {"thermostat": {"modeB": [{"channel": 0, "mode": 2, "targetTemp": 1800, "working": 1, "currentTemp": 1705, "state": 1, "onoff": 1, "sensorStatus": 1}]}}}}
2023/12/29 - 15:38:26		auto	LOG	WARNING	KeyError(0) in handle GETACK Appliance.System.All
2023/12/29 - 15:38:26	TX	http	GET	Appliance.Control.ConsumptionX	{"consumptionx": []}
2023/12/29 - 15:38:26	RX	http	GETACK	Appliance.Control.ConsumptionX	{"consumptionx": [{"date": "2023-12-29", "time": 1703864299, "value": 7009}]}
2023/12/29 - 15:38:26		auto	LOG	DEBUG	updating consumption=7009
2023/12/29 - 15:38:26	TX	http	GET	Appliance.Control.Electricity	{"electricity": {}}
2023/12/29 - 15:38:26	RX	http	GETACK	Appliance.Control.Electricity	{"electricity": {"channel": 0, "current": 8105, "voltage": 2368, "power": 1946552, "config": {"voltageRatio": 188, "electricityRatio": 100}}}
2023/12/29 - 15:38:26		auto	LOG	DEBUG	polling end
2023/12/29 - 15:38:56		auto	LOG	DEBUG	polling start
2023/12/29 - 15:38:56	TX	http	GET	Appliance.System.Debug	{"debug": {}}
2023/12/29 - 15:38:56	RX	http	GETACK	Appliance.System.Debug	{"debug": {"system": {"version": "4.2.6", "sysUpTime": "3h36m46s", "UTC": 1703864335, "localTimeOffset": 0, "localTime": "Fri Dec 29 15:38:55 2023", "suncalc": "8:26;15:57"}, "network": {"linkStatus": "connected", "signal": 60, "ssid": "######0", "gatewayMac": "################0", "innerIp": "############1", "wifiDisconnectCount": 0, "wifiDisconnectDetail": {"totalCount": 0, "detials": []}}, "cloud": {"activeServer": "#################0", "mainServer": "#################0", "mainPort": "@0", "secondServer": "#################0", "secondPort": "@0", "userId": "@0", "sysConnectTime": "Fri Dec 29 12:02:07 2023", "sysOnlineTime": "3h36m48s", "sysDisconnectCount": 0, "iotDisconnectDetail": {"totalCount": 0, "detials": []}}}}
2023/12/29 - 15:38:56	TX	http	GET	Appliance.System.All	{"all": {}}
2023/12/29 - 15:38:56	RX	http	GETACK	Appliance.System.All	{"all": {"system": {"hardware": {"type": "mts960", "subType": "eu", "version": "4.0.0", "chipType": "MT7686", "uuid": "###############################2", "macAddress": "################1"}, "firmware": {"version": "4.2.6", "homekitVersion": "2.0.1", "compileTime": "Oct 10 2023 09:34:37", "encrypt": 1, "wifiMac": "################1", "innerIp": "############1", "server": "#################0", "port": "@0", "userId": "@0"}, "time": {"timestamp": 1703864335, "timezone": "Europe/London", "timeRule": [[1667091600, 0, 0], [1679792400, 3600, 1], [1698541200, 0, 0], [1711846800, 3600, 1], [1729990800, 0, 0], [1743296400, 3600, 1], [1761440400, 0, 0], [1774746000, 3600, 1], [1792890000, 0, 0], [1806195600, 3600, 1], [1824944400, 0, 0], [1837645200, 3600, 1], [1856394000, 0, 0], [1869094800, 3600, 1], [1887843600, 0, 0], [1901149200, 3600, 1], [1919293200, 0, 0], [1932598800, 3600, 1], [1950742800, 0, 0], [1964048400, 3600, 1]]}, "online": {"status": 1, "bindId": "U4QQLlt44phrNTgc", "who": 1}}, "digest": {"thermostat": {"modeB": [{"channel": 0, "mode": 2, "targetTemp": 1800, "working": 1, "currentTemp": 1712, "state": 1, "onoff": 1, "sensorStatus": 1}]}}}}
2023/12/29 - 15:38:56		auto	LOG	WARNING	KeyError(0) in handle GETACK Appliance.System.All
2023/12/29 - 15:38:56	TX	http	GET	Appliance.Control.Electricity	{"electricity": {}}
2023/12/29 - 15:38:56	RX	http	GETACK	Appliance.Control.Electricity	{"electricity": {"channel": 0, "current": 8113, "voltage": 2368, "power": 1946946, "config": {"voltageRatio": 188, "electricityRatio": 100}}}
2023/12/29 - 15:38:56		auto	LOG	DEBUG	polling end
2023/12/29 - 15:39:26		auto	LOG	DEBUG	polling start
2023/12/29 - 15:39:26	TX	http	GET	Appliance.System.Debug	{"debug": {}}
2023/12/29 - 15:39:26	RX	http	GETACK	Appliance.System.Debug	{"debug": {"system": {"version": "4.2.6", "sysUpTime": "3h37m16s", "UTC": 1703864365, "localTimeOffset": 0, "localTime": "Fri Dec 29 15:39:25 2023", "suncalc": "8:26;15:57"}, "network": {"linkStatus": "connected", "signal": 60, "ssid": "######0", "gatewayMac": "################0", "innerIp": "############1", "wifiDisconnectCount": 0, "wifiDisconnectDetail": {"totalCount": 0, "detials": []}}, "cloud": {"activeServer": "#################0", "mainServer": "#################0", "mainPort": "@0", "secondServer": "#################0", "secondPort": "@0", "userId": "@0", "sysConnectTime": "Fri Dec 29 12:02:07 2023", "sysOnlineTime": "3h37m18s", "sysDisconnectCount": 0, "iotDisconnectDetail": {"totalCount": 0, "detials": []}}}}
2023/12/29 - 15:39:26	TX	http	GET	Appliance.System.All	{"all": {}}
2023/12/29 - 15:39:26	RX	http	GETACK	Appliance.System.All	{"all": {"system": {"hardware": {"type": "mts960", "subType": "eu", "version": "4.0.0", "chipType": "MT7686", "uuid": "###############################2", "macAddress": "################1"}, "firmware": {"version": "4.2.6", "homekitVersion": "2.0.1", "compileTime": "Oct 10 2023 09:34:37", "encrypt": 1, "wifiMac": "################1", "innerIp": "############1", "server": "#################0", "port": "@0", "userId": "@0"}, "time": {"timestamp": 1703864365, "timezone": "Europe/London", "timeRule": [[1667091600, 0, 0], [1679792400, 3600, 1], [1698541200, 0, 0], [1711846800, 3600, 1], [1729990800, 0, 0], [1743296400, 3600, 1], [1761440400, 0, 0], [1774746000, 3600, 1], [1792890000, 0, 0], [1806195600, 3600, 1], [1824944400, 0, 0], [1837645200, 3600, 1], [1856394000, 0, 0], [1869094800, 3600, 1], [1887843600, 0, 0], [1901149200, 3600, 1], [1919293200, 0, 0], [1932598800, 3600, 1], [1950742800, 0, 0], [1964048400, 3600, 1]]}, "online": {"status": 1, "bindId": "U4QQLlt44phrNTgc", "who": 1}}, "digest": {"thermostat": {"modeB": [{"channel": 0, "mode": 2, "targetTemp": 1800, "working": 1, "currentTemp": 1712, "state": 1, "onoff": 1, "sensorStatus": 1}]}}}}
2023/12/29 - 15:39:26		auto	LOG	WARNING	KeyError(0) in handle GETACK Appliance.System.All
2023/12/29 - 15:39:26	TX	http	GET	Appliance.Control.ConsumptionX	{"consumptionx": []}
2023/12/29 - 15:39:26	RX	http	GETACK	Appliance.Control.ConsumptionX	{"consumptionx": [{"date": "2023-12-29", "time": 1703864359, "value": 7041}]}
2023/12/29 - 15:39:26		auto	LOG	DEBUG	updating consumption=7041
2023/12/29 - 15:39:26	TX	http	GET	Appliance.Control.Electricity	{"electricity": {}}
2023/12/29 - 15:39:26	RX	http	GETACK	Appliance.Control.Electricity	{"electricity": {"channel": 0, "current": 8143, "voltage": 2387, "power": 1959712, "config": {"voltageRatio": 188, "electricityRatio": 100}}}
2023/12/29 - 15:39:26		auto	LOG	DEBUG	polling end
