2024/03/10 - 13:19:07		auto	GETACK	Appliance.System.All	{"system":{"hardware":{"type":"mss310","subType":"us","version":"2.0.0","chipType":"MT7682","uuid":"###############################0","macAddress":"################0"},"firmware":{"version":"2.1.17","compileTime":"2022/08/19 10:05:03 GMT +08:00","wifiMac":"################0","innerIp":"############0","server":"###################0","port":"@0","userId":"@0"},"time":{"timestamp":1681841111,"timezone":"Europe/London","timeRule":[[1648342800,3600,1],[1667091600,0,0],[1679792400,3600,1],[1698541200,0,0],[1711846800,3600,1],[1729990800,0,0],[1743296400,3600,1],[1761440400,0,0],[1774746000,3600,1],[1792890000,0,0],[1806195600,3600,1],[1824944400,0,0],[1837645200,3600,1],[1856394000,0,0],[1869094800,3600,1],[1887843600,0,0],[1901149200,3600,1],[1919293200,0,0],[1932598800,3600,1],[1950742800,0,0]]},"online":{"status":1}},"digest":{"togglex":[{"channel":0,"onoff":0,"lmTime":1681840534}],"triggerx":[],"timerx":[]}}
2024/03/10 - 13:19:07		auto	GETACK	Appliance.System.Ability	{"Appliance.Config.Key":{},"Appliance.Config.WifiList":{},"Appliance.Config.Wifi":{},"Appliance.Config.Trace":{},"Appliance.System.All":{},"Appliance.System.Hardware":{},"Appliance.System.Firmware":{},"Appliance.System.Debug":{},"Appliance.System.Online":{},"Appliance.System.Time":{},"Appliance.System.Clock":{},"Appliance.System.Ability":{},"Appliance.System.Runtime":{},"Appliance.System.Report":{},"Appliance.System.Position":{},"Appliance.System.DNDMode":{},"Appliance.Control.Multiple":{"maxCmdNum":5},"Appliance.Control.ToggleX":{},"Appliance.Control.TimerX":{"sunOffsetSupport":1},"Appliance.Control.TriggerX":{},"Appliance.Control.Bind":{},"Appliance.Control.Unbind":{},"Appliance.Control.Upgrade":{},"Appliance.Control.ConsumptionX":{},"Appliance.Control.Electricity":{},"Appliance.Control.ConsumptionConfig":{},"Appliance.Digest.TriggerX":{},"Appliance.Digest.TimerX":{}}
2024/03/10 - 13:19:07		auto	LOG	debug	platform_setup_entry { platform: update }
2024/03/10 - 13:19:07		auto	LOG	debug	platform_setup_entry { platform: sensor }
2024/03/10 - 13:19:07		auto	LOG	verbose	ConsumptionXSensor(energy): Added to HomeAssistant
2024/03/10 - 13:19:07		auto	LOG	debug	platform_setup_entry { platform: light }
2024/03/10 - 13:19:07		auto	LOG	verbose	MLDNDLightEntity(dnd): Added to HomeAssistant
2024/03/10 - 13:19:07		auto	LOG	debug	platform_setup_entry { platform: switch }
2024/03/10 - 13:19:07		auto	LOG	verbose	MLSwitch(0): Added to HomeAssistant
2024/03/10 - 13:19:07		auto	LOG	verbose	EnergyEstimateSensor(energy_estimate): Added to HomeAssistant
2024/03/10 - 13:19:07		auto	LOG	verbose	MLNumericSensor(power): Added to HomeAssistant
2024/03/10 - 13:19:07		auto	LOG	verbose	MLNumericSensor(current): Added to HomeAssistant
2024/03/10 - 13:19:07		auto	LOG	verbose	MLNumericSensor(voltage): Added to HomeAssistant
2024/03/10 - 13:19:07		auto	LOG	verbose	MLSignalStrengthSensor(signal_strength): Added to HomeAssistant
2024/03/10 - 13:19:07		auto	LOG	debug	linked to profile:@0
2024/03/10 - 13:19:07		auto	LOG	debug	mqtt_attached to ###################0:@0
2024/03/10 - 13:19:07		auto	LOG	debug	mqtt_connected to ###################0:@0
2024/03/10 - 13:19:07		auto	LOG	debug	Polling begin
2024/03/10 - 13:19:07	TX	http	GET	Appliance.System.All	{"all":{}}
2024/03/10 - 13:19:07	RX	http	GETACK	Appliance.System.All	{"all":{"system":{"hardware":{"type":"mss310","subType":"us","version":"2.0.0","chipType":"MT7682","uuid":"###############################0","macAddress":"################0"},"firmware":{"version":"2.1.17","compileTime":"2022/08/19 10:05:03 GMT +08:00","wifiMac":"################0","innerIp":"############0","server":"###################0","port":"@0","userId":"@0"},"time":{"timestamp":1710076747,"timezone":"Europe/London","timeRule":[[1648342800,3600,1],[1667091600,0,0],[1679792400,3600,1],[1698541200,0,0],[1711846800,3600,1],[1729990800,0,0],[1743296400,3600,1],[1761440400,0,0],[1774746000,3600,1],[1792890000,0,0],[1806195600,3600,1],[1824944400,0,0],[1837645200,3600,1],[1856394000,0,0],[1869094800,3600,1],[1887843600,0,0],[1901149200,3600,1],[1919293200,0,0],[1932598800,3600,1],[1950742800,0,0]]},"online":{"status":1}},"digest":{"togglex":[{"channel":0,"onoff":1,"lmTime":1708530599}],"triggerx":[],"timerx":[]}}}
2024/03/10 - 13:19:07		auto	LOG	debug	Switching protocol to http
2024/03/10 - 13:19:07		auto	LOG	debug	Back online!
2024/03/10 - 13:19:07	TX	http	SET	Appliance.Control.Multiple	{"multiple":[{"header":{"messageId":"d7dd388197334ca881bfc652dd9af4b7","namespace":"Appliance.Control.ConsumptionX","method":"GET","payloadVersion":1,"from":"/app/1173508-42c605eae28a487cb9053e0b9aae0d36/subscribe","timestamp":1710076747,"timestampMs":0,"sign":"f84507fd4fd5f98d81b2238c75e37080"},"payload":{"consumptionx":[]}},{"header":{"messageId":"a84c90173c4f4e9e9770fc788719b331","namespace":"Appliance.Control.Electricity","method":"GET","payloadVersion":1,"from":"/app/1173508-42c605eae28a487cb9053e0b9aae0d36/subscribe","timestamp":1710076747,"timestampMs":0,"sign":"07b7b23773a234bde2e56df0f9181906"},"payload":{"electricity":{}}},{"header":{"messageId":"4eadcfae1f4a48f88184d62acd5ea625","namespace":"Appliance.System.DNDMode","method":"GET","payloadVersion":1,"from":"/app/1173508-42c605eae28a487cb9053e0b9aae0d36/subscribe","timestamp":1710076747,"timestampMs":0,"sign":"3d9705d3f5c95bffe9bbaa493f17fc37"},"payload":{"DNDMode":{}}},{"header":{"messageId":"53b2d7ed17164badbfe098df6e0b3e3c","namespace":"Appliance.System.Runtime","method":"GET","payloadVersion":1,"from":"/app/1173508-42c605eae28a487cb9053e0b9aae0d36/subscribe","timestamp":1710076747,"timestampMs":0,"sign":"cf1845740581299610a95400a23123fa"},"payload":{"runtime":{}}}]}
2024/03/10 - 13:19:07		auto	LOG	debug	HTTP ERROR SET Appliance.Control.Multiple (messageId:f0c54523b68b452a8a83e3627f40543d ServerDisconnectedError:Server disconnected attempt:0)
2024/03/10 - 13:19:07		auto	LOG	debug	Updating device_response_size_max:3500
2024/03/10 - 13:19:07		auto	LOG	warning	Appliance.Control.Multiple failed with no response: requests=4 expected size=3290
2024/03/10 - 13:19:07	TX	http	GET	Appliance.Control.ConsumptionX	{"consumptionx":[]}
2024/03/10 - 13:19:07	RX	http	GETACK	Appliance.Control.ConsumptionX	{"consumptionx":[{"date":"2024-03-01","time":1709337483,"value":310},{"date":"2024-03-02","time":1709423883,"value":319},{"date":"2024-03-03","time":1709510282,"value":318},{"date":"2024-03-04","time":1709596684,"value":283},{"date":"2024-03-05","time":1709683084,"value":324},{"date":"2024-03-06","time":1709769485,"value":321},{"date":"2024-03-07","time":1709855883,"value":305},{"date":"2024-03-08","time":1709942282,"value":283},{"date":"2024-03-09","time":1710028683,"value":329},{"date":"2024-03-10","time":1710076745,"value":180},{"date":"2024-02-24","time":1708819083,"value":318},{"date":"2024-02-25","time":1708905484,"value":293},{"date":"2024-02-26","time":1708991884,"value":264},{"date":"2024-02-27","time":1709078284,"value":278},{"date":"2024-02-28","time":1709164684,"value":310},{"date":"2024-02-29","time":1709251083,"value":335}]}
2024/03/10 - 13:19:07		auto	LOG	debug	ConsumptionXSensor(energy): updated midnight epochs: yesterday=1709942400.0 - today=1710028800.0 - tomorrow=1710115200.0
2024/03/10 - 13:19:07		auto	LOG	debug	ConsumptionXSensor(energy): updating consumption=180
2024/03/10 - 13:19:07	TX	http	GET	Appliance.Control.Electricity	{"electricity":{}}
2024/03/10 - 13:19:07	RX	http	GETACK	Appliance.Control.Electricity	{"electricity":{"channel":0,"current":0,"voltage":2380,"power":0,"config":{"voltageRatio":186,"electricityRatio":121}}}
2024/03/10 - 13:19:07	TX	http	GET	Appliance.System.DNDMode	{"DNDMode":{}}
2024/03/10 - 13:19:07	RX	http	GETACK	Appliance.System.DNDMode	{"DNDMode":{"mode":0}}
2024/03/10 - 13:19:07	TX	http	GET	Appliance.System.Runtime	{"runtime":{}}
2024/03/10 - 13:19:07	RX	http	GETACK	Appliance.System.Runtime	{"runtime":{"signal":76}}
2024/03/10 - 13:19:07		auto	LOG	debug	Polling end
2024/03/10 - 13:19:09		auto	LOG	debug	Tracing Appliance.System.Debug ability
2024/03/10 - 13:19:09	TX	http	GET	Appliance.System.Debug	{"debug":{}}
2024/03/10 - 13:19:09	RX	http	GETACK	Appliance.System.Debug	{"debug":{"system":{"version":"2.1.17","sysUpTime":"169h52m27s","localTimeOffset":0,"localTime":"Sun Mar 10 13:19:09 2024","suncalc":"6:6;18:13"},"network":{"linkStatus":"connected","signal":70,"ssid":"######0","gatewayMac":"################0","innerIp":"############0","wifiDisconnectCount":0},"cloud":{"activeServer":"###################0","mainServer":"###################0","mainPort":"@0","secondServer":"###################0","secondPort":"@0","userId":"@0","sysConnectTime":"Wed Feb 28 05:39:07 2024","sysOnlineTime":"271h40m2s","sysDisconnectCount":2}}}
2024/03/10 - 13:19:11		auto	LOG	debug	Tracing Appliance.System.Runtime ability
2024/03/10 - 13:19:11	TX	http	GET	Appliance.System.Runtime	{"runtime":{}}
2024/03/10 - 13:19:11	RX	http	GETACK	Appliance.System.Runtime	{"runtime":{"signal":70}}
2024/03/10 - 13:19:13		auto	LOG	debug	Tracing Appliance.Control.ToggleX ability
2024/03/10 - 13:19:13	TX	http	GET	Appliance.Control.ToggleX	{"togglex":[]}
2024/03/10 - 13:19:13	RX	http	GETACK	Appliance.Control.ToggleX	{"channel":0,"togglex":{"channel":0,"onoff":1,"lmTime":1708530599}}
2024/03/10 - 13:19:15		auto	LOG	debug	Tracing Appliance.Control.ConsumptionX ability
2024/03/10 - 13:19:15	TX	http	GET	Appliance.Control.ConsumptionX	{"consumptionx":[]}
2024/03/10 - 13:19:15	RX	http	GETACK	Appliance.Control.ConsumptionX	{"consumptionx":[{"date":"2024-03-01","time":1709337483,"value":310},{"date":"2024-03-02","time":1709423883,"value":319},{"date":"2024-03-03","time":1709510282,"value":318},{"date":"2024-03-04","time":1709596684,"value":283},{"date":"2024-03-05","time":1709683084,"value":324},{"date":"2024-03-06","time":1709769485,"value":321},{"date":"2024-03-07","time":1709855883,"value":305},{"date":"2024-03-08","time":1709942282,"value":283},{"date":"2024-03-09","time":1710028683,"value":329},{"date":"2024-03-10","time":1710076755,"value":180},{"date":"2024-02-24","time":1708819083,"value":318},{"date":"2024-02-25","time":1708905484,"value":293},{"date":"2024-02-26","time":1708991884,"value":264},{"date":"2024-02-27","time":1709078284,"value":278},{"date":"2024-02-28","time":1709164684,"value":310},{"date":"2024-02-29","time":1709251083,"value":335}]}
2024/03/10 - 13:19:17		auto	LOG	debug	Tracing Appliance.Control.Electricity ability
2024/03/10 - 13:19:17	TX	http	GET	Appliance.Control.Electricity	{"electricity":{}}
2024/03/10 - 13:19:17	RX	http	GETACK	Appliance.Control.Electricity	{"electricity":{"channel":0,"current":0,"voltage":2380,"power":0,"config":{"voltageRatio":186,"electricityRatio":121}}}
2024/03/10 - 13:19:19		auto	LOG	debug	Tracing Appliance.Control.ConsumptionConfig ability
2024/03/10 - 13:19:19	TX	http	GET	Appliance.Control.ConsumptionConfig	{"consumptionConfig":{}}
2024/03/10 - 13:19:19	RX	http	GETACK	Appliance.Control.ConsumptionConfig	{"config":{"voltageRatio":186,"electricityRatio":121}}
2024/03/10 - 13:19:21		auto	LOG	debug	Tracing abilities end
2024/03/10 - 13:19:37		auto	LOG	debug	Polling begin
2024/03/10 - 13:19:37	TX	http	SET	Appliance.Control.Multiple	{"multiple":[{"header":{"messageId":"f92614e85b654c119bd045d478b4b84d","namespace":"Appliance.System.All","method":"GET","payloadVersion":1,"from":"/app/1173508-42c605eae28a487cb9053e0b9aae0d36/subscribe","timestamp":1710076777,"timestampMs":0,"sign":"915a00f3fc03f59309a6f1fbc07df813"},"payload":{"all":{}}},{"header":{"messageId":"093608ae0c2546fdad176c3586e00332","namespace":"Appliance.Control.Electricity","method":"GET","payloadVersion":1,"from":"/app/1173508-42c605eae28a487cb9053e0b9aae0d36/subscribe","timestamp":1710076777,"timestampMs":0,"sign":"d073efe31a28f5e7eb4867b17f560466"},"payload":{"electricity":{}}},{"header":{"messageId":"9c9998ca30594452924a5e7107be16a1","namespace":"Appliance.System.DNDMode","method":"GET","payloadVersion":1,"from":"/app/1173508-42c605eae28a487cb9053e0b9aae0d36/subscribe","timestamp":1710076777,"timestampMs":0,"sign":"cc4451d532fdac5b6e288b44e6be1a5e"},"payload":{"DNDMode":{}}}]}
2024/03/10 - 13:19:37		auto	LOG	debug	HTTP ERROR SET Appliance.Control.Multiple (messageId:fe6a2b266ff646aa909ae5ccf0571040 ServerDisconnectedError:Server disconnected attempt:0)
2024/03/10 - 13:19:37		auto	LOG	debug	Updating device_response_size_max:2750
2024/03/10 - 13:19:37		auto	LOG	warning	Appliance.Control.Multiple failed with no response: requests=3 expected size=2271
2024/03/10 - 13:19:37	TX	http	GET	Appliance.System.All	{"all":{}}
2024/03/10 - 13:19:37	RX	http	GETACK	Appliance.System.All	{"all":{"system":{"hardware":{"type":"mss310","subType":"us","version":"2.0.0","chipType":"MT7682","uuid":"###############################0","macAddress":"################0"},"firmware":{"version":"2.1.17","compileTime":"2022/08/19 10:05:03 GMT +08:00","wifiMac":"################0","innerIp":"############0","server":"###################0","port":"@0","userId":"@0"},"time":{"timestamp":1710076778,"timezone":"Europe/London","timeRule":[[1648342800,3600,1],[1667091600,0,0],[1679792400,3600,1],[1698541200,0,0],[1711846800,3600,1],[1729990800,0,0],[1743296400,3600,1],[1761440400,0,0],[1774746000,3600,1],[1792890000,0,0],[1806195600,3600,1],[1824944400,0,0],[1837645200,3600,1],[1856394000,0,0],[1869094800,3600,1],[1887843600,0,0],[1901149200,3600,1],[1919293200,0,0],[1932598800,3600,1],[1950742800,0,0]]},"online":{"status":1}},"digest":{"togglex":[{"channel":0,"onoff":1,"lmTime":1708530599}],"triggerx":[],"timerx":[]}}}
2024/03/10 - 13:19:37	TX	http	GET	Appliance.Control.Electricity	{"electricity":{}}
2024/03/10 - 13:19:37	RX	http	GETACK	Appliance.Control.Electricity	{"electricity":{"channel":0,"current":0,"voltage":2380,"power":0,"config":{"voltageRatio":186,"electricityRatio":121}}}
2024/03/10 - 13:19:37	TX	http	GET	Appliance.System.DNDMode	{"DNDMode":{}}
2024/03/10 - 13:19:37	RX	http	GETACK	Appliance.System.DNDMode	{"DNDMode":{"mode":0}}
2024/03/10 - 13:19:37		auto	LOG	debug	Polling end
2024/03/10 - 13:20:07		auto	LOG	debug	Polling begin
2024/03/10 - 13:20:07	TX	http	SET	Appliance.Control.Multiple	{"multiple":[{"header":{"messageId":"56c15e84017e438bb2566e0aa17e43d2","namespace":"Appliance.Control.ConsumptionX","method":"GET","payloadVersion":1,"from":"/app/1173508-42c605eae28a487cb9053e0b9aae0d36/subscribe","timestamp":1710076807,"timestampMs":0,"sign":"bb8b57c36ddd94dc81b061b44a82b670"},"payload":{"consumptionx":[]}},{"header":{"messageId":"ae5c9ef72f484f8c91467b60040b6619","namespace":"Appliance.Control.Electricity","method":"GET","payloadVersion":1,"from":"/app/1173508-42c605eae28a487cb9053e0b9aae0d36/subscribe","timestamp":1710076807,"timestampMs":0,"sign":"636fc71528917a4e9afe48a1c84af42d"},"payload":{"electricity":{}}},{"header":{"messageId":"31a67c6ee68b48d28073862673dfc0ce","namespace":"Appliance.System.DNDMode","method":"GET","payloadVersion":1,"from":"/app/1173508-42c605eae28a487cb9053e0b9aae0d36/subscribe","timestamp":1710076807,"timestampMs":0,"sign":"9db5250ee19c41319befb91106be0a18"},"payload":{"DNDMode":{}}}]}
2024/03/10 - 13:20:07		auto	LOG	debug	HTTP ERROR SET Appliance.Control.Multiple (messageId:75ac67853a5448a09f3bae5c08590f87 ServerDisconnectedError:Server disconnected attempt:0)
2024/03/10 - 13:20:07		auto	LOG	debug	Updating device_response_size_max:2375
2024/03/10 - 13:20:07		auto	LOG	warning	Appliance.Control.Multiple failed with no response: requests=3 expected size=2218
2024/03/10 - 13:20:07	TX	http	GET	Appliance.Control.ConsumptionX	{"consumptionx":[]}
2024/03/10 - 13:20:08	RX	http	GETACK	Appliance.Control.ConsumptionX	{"consumptionx":[{"date":"2024-03-01","time":1709337483,"value":310},{"date":"2024-03-02","time":1709423883,"value":319},{"date":"2024-03-03","time":1709510282,"value":318},{"date":"2024-03-04","time":1709596684,"value":283},{"date":"2024-03-05","time":1709683084,"value":324},{"date":"2024-03-06","time":1709769485,"value":321},{"date":"2024-03-07","time":1709855883,"value":305},{"date":"2024-03-08","time":1709942282,"value":283},{"date":"2024-03-09","time":1710028683,"value":329},{"date":"2024-03-10","time":1710076805,"value":180},{"date":"2024-02-24","time":1708819083,"value":318},{"date":"2024-02-25","time":1708905484,"value":293},{"date":"2024-02-26","time":1708991884,"value":264},{"date":"2024-02-27","time":1709078284,"value":278},{"date":"2024-02-28","time":1709164684,"value":310},{"date":"2024-02-29","time":1709251083,"value":335}]}
2024/03/10 - 13:20:08	TX	http	GET	Appliance.Control.Electricity	{"electricity":{}}
2024/03/10 - 13:20:08	RX	http	GETACK	Appliance.Control.Electricity	{"electricity":{"channel":0,"current":0,"voltage":2380,"power":0,"config":{"voltageRatio":186,"electricityRatio":121}}}
2024/03/10 - 13:20:08	TX	http	GET	Appliance.System.DNDMode	{"DNDMode":{}}
2024/03/10 - 13:20:08	RX	http	GETACK	Appliance.System.DNDMode	{"DNDMode":{"mode":0}}
2024/03/10 - 13:20:08		auto	LOG	debug	Polling end
2024/03/10 - 13:20:38		auto	LOG	debug	Polling begin
2024/03/10 - 13:20:38	TX	http	SET	Appliance.Control.Multiple	{"multiple":[{"header":{"messageId":"2b67898affa64ae59f1ff82c929016b5","namespace":"Appliance.Control.Electricity","method":"GET","payloadVersion":1,"from":"/app/1173508-42c605eae28a487cb9053e0b9aae0d36/subscribe","timestamp":1710076838,"timestampMs":0,"sign":"880f611431da5761398171b24c004db2"},"payload":{"electricity":{}}},{"header":{"messageId":"6a264235a1e443109e2163a4bdc4eaa1","namespace":"Appliance.System.DNDMode","method":"GET","payloadVersion":1,"from":"/app/1173508-42c605eae28a487cb9053e0b9aae0d36/subscribe","timestamp":1710076838,"timestampMs":0,"sign":"c6ce7d7514a2641c8f074e702cce5579"},"payload":{"DNDMode":{}}}]}
2024/03/10 - 13:20:38	RX	http	SETACK	Appliance.Control.Multiple	{"multiple":[{"header":{"messageId":"2b67898affa64ae59f1ff82c929016b5","namespace":"Appliance.Control.Electricity","method":"GETACK","payloadVersion":1,"from":"/appliance/20091131118061251h5748e1e9334e2b/publish","timestamp":1710076838,"timestampMs":23,"sign":"880f611431da5761398171b24c004db2"},"payload":{"electricity":{"channel":0,"current":0,"voltage":2380,"power":0,"config":{"voltageRatio":186,"electricityRatio":121}}}},{"header":{"messageId":"6a264235a1e443109e2163a4bdc4eaa1","namespace":"Appliance.System.DNDMode","method":"GETACK","payloadVersion":1,"from":"/appliance/20091131118061251h5748e1e9334e2b/publish","timestamp":1710076838,"timestampMs":24,"sign":"c6ce7d7514a2641c8f074e702cce5579"},"payload":{"DNDMode":{"mode":0}}}]}
2024/03/10 - 13:20:38		auto	LOG	debug	Polling end
2024/03/10 - 13:21:08		auto	LOG	debug	Polling begin
2024/03/10 - 13:21:08	TX	http	SET	Appliance.Control.Multiple	{"multiple":[{"header":{"messageId":"6ed8777d01c143acbfe3596c2734a203","namespace":"Appliance.Control.ConsumptionX","method":"GET","payloadVersion":1,"from":"/app/1173508-42c605eae28a487cb9053e0b9aae0d36/subscribe","timestamp":1710076868,"timestampMs":0,"sign":"86430df2808711c3a2f1046554ff1d93"},"payload":{"consumptionx":[]}},{"header":{"messageId":"d946966544764168a77a439c6c5f23c8","namespace":"Appliance.Control.Electricity","method":"GET","payloadVersion":1,"from":"/app/1173508-42c605eae28a487cb9053e0b9aae0d36/subscribe","timestamp":1710076868,"timestampMs":0,"sign":"ae410cadf02816ccb0315d5e129df964"},"payload":{"electricity":{}}},{"header":{"messageId":"21371a3cbeec48118fa6fba7b83477fc","namespace":"Appliance.System.DNDMode","method":"GET","payloadVersion":1,"from":"/app/1173508-42c605eae28a487cb9053e0b9aae0d36/subscribe","timestamp":1710076868,"timestampMs":0,"sign":"b1a952ab0a7d691a9ef4012752f9d171"},"payload":{"DNDMode":{}}}]}
2024/03/10 - 13:21:08		auto	LOG	debug	HTTP ERROR SET Appliance.Control.Multiple (messageId:f0d73a2da3804e46919fda8debe67139 ServerDisconnectedError:Server disconnected attempt:0)
2024/03/10 - 13:21:08		auto	LOG	debug	Updating device_response_size_max:2187
2024/03/10 - 13:21:08		auto	LOG	warning	Appliance.Control.Multiple failed with no response: requests=3 expected size=2218
2024/03/10 - 13:21:08	TX	http	GET	Appliance.Control.ConsumptionX	{"consumptionx":[]}
2024/03/10 - 13:21:08	RX	http	GETACK	Appliance.Control.ConsumptionX	{"consumptionx":[{"date":"2024-03-01","time":1709337483,"value":310},{"date":"2024-03-02","time":1709423883,"value":319},{"date":"2024-03-03","time":1709510282,"value":318},{"date":"2024-03-04","time":1709596684,"value":283},{"date":"2024-03-05","time":1709683084,"value":324},{"date":"2024-03-06","time":1709769485,"value":321},{"date":"2024-03-07","time":1709855883,"value":305},{"date":"2024-03-08","time":1709942282,"value":283},{"date":"2024-03-09","time":1710028683,"value":329},{"date":"2024-03-10","time":1710076865,"value":180},{"date":"2024-02-24","time":1708819083,"value":318},{"date":"2024-02-25","time":1708905484,"value":293},{"date":"2024-02-26","time":1708991884,"value":264},{"date":"2024-02-27","time":1709078284,"value":278},{"date":"2024-02-28","time":1709164684,"value":310},{"date":"2024-02-29","time":1709251083,"value":335}]}
2024/03/10 - 13:21:08	TX	http	GET	Appliance.Control.Electricity	{"electricity":{}}
2024/03/10 - 13:21:08	RX	http	GETACK	Appliance.Control.Electricity	{"electricity":{"channel":0,"current":0,"voltage":2380,"power":0,"config":{"voltageRatio":186,"electricityRatio":121}}}
2024/03/10 - 13:21:08	TX	http	GET	Appliance.System.DNDMode	{"DNDMode":{}}
2024/03/10 - 13:21:08	RX	http	GETACK	Appliance.System.DNDMode	{"DNDMode":{"mode":0}}
2024/03/10 - 13:21:08		auto	LOG	debug	Polling end
2024/03/10 - 13:21:38		auto	LOG	debug	Polling begin
2024/03/10 - 13:21:38	TX	http	SET	Appliance.Control.Multiple	{"multiple":[{"header":{"messageId":"b5916e9e51264f24b969de257a8ee4e0","namespace":"Appliance.Control.Electricity","method":"GET","payloadVersion":1,"from":"/app/1173508-42c605eae28a487cb9053e0b9aae0d36/subscribe","timestamp":1710076898,"timestampMs":0,"sign":"97a811e21cdd49e1b734be8619c66ea4"},"payload":{"electricity":{}}},{"header":{"messageId":"a8238476ed3f472abfe60438e6a745e7","namespace":"Appliance.System.DNDMode","method":"GET","payloadVersion":1,"from":"/app/1173508-42c605eae28a487cb9053e0b9aae0d36/subscribe","timestamp":1710076898,"timestampMs":0,"sign":"70647a8561cf6881001a0938603270af"},"payload":{"DNDMode":{}}}]}
2024/03/10 - 13:21:38	RX	http	SETACK	Appliance.Control.Multiple	{"multiple":[{"header":{"messageId":"b5916e9e51264f24b969de257a8ee4e0","namespace":"Appliance.Control.Electricity","method":"GETACK","payloadVersion":1,"from":"/appliance/20091131118061251h5748e1e9334e2b/publish","timestamp":1710076898,"timestampMs":138,"sign":"97a811e21cdd49e1b734be8619c66ea4"},"payload":{"electricity":{"channel":0,"current":0,"voltage":2380,"power":0,"config":{"voltageRatio":186,"electricityRatio":121}}}},{"header":{"messageId":"a8238476ed3f472abfe60438e6a745e7","namespace":"Appliance.System.DNDMode","method":"GETACK","payloadVersion":1,"from":"/appliance/20091131118061251h5748e1e9334e2b/publish","timestamp":1710076898,"timestampMs":139,"sign":"70647a8561cf6881001a0938603270af"},"payload":{"DNDMode":{"mode":0}}}]}
2024/03/10 - 13:21:38		auto	LOG	debug	Polling end
2024/03/10 - 13:22:08		auto	LOG	debug	Polling begin
2024/03/10 - 13:22:08	TX	http	SET	Appliance.Control.Multiple	{"multiple":[{"header":{"messageId":"3e3bdd05b7f7455cbff88e4042515a57","namespace":"Appliance.Control.ConsumptionX","method":"GET","payloadVersion":1,"from":"/app/1173508-42c605eae28a487cb9053e0b9aae0d36/subscribe","timestamp":1710076928,"timestampMs":0,"sign":"007083ab5c553318a2d019ea264bb62f"},"payload":{"consumptionx":[]}},{"header":{"messageId":"a044441850c9459884b0e952fb6866a9","namespace":"Appliance.Control.Electricity","method":"GET","payloadVersion":1,"from":"/app/1173508-42c605eae28a487cb9053e0b9aae0d36/subscribe","timestamp":1710076928,"timestampMs":0,"sign":"66060067b3d22730c2de8f2f71d492b1"},"payload":{"electricity":{}}}]}
2024/03/10 - 13:22:08	RX	http	SETACK	Appliance.Control.Multiple	{"multiple":[{"header":{"messageId":"3e3bdd05b7f7455cbff88e4042515a57","namespace":"Appliance.Control.ConsumptionX","method":"GETACK","payloadVersion":1,"from":"/appliance/20091131118061251h5748e1e9334e2b/publish","timestamp":1710076928,"timestampMs":145,"sign":"007083ab5c553318a2d019ea264bb62f"},"payload":{"consumptionx":[{"date":"2024-03-01","time":1709337483,"value":310},{"date":"2024-03-02","time":1709423883,"value":319},{"date":"2024-03-03","time":1709510282,"value":318},{"date":"2024-03-04","time":1709596684,"value":283},{"date":"2024-03-05","time":1709683084,"value":324},{"date":"2024-03-06","time":1709769485,"value":321},{"date":"2024-03-07","time":1709855883,"value":305},{"date":"2024-03-08","time":1709942282,"value":283},{"date":"2024-03-09","time":1710028683,"value":329},{"date":"2024-03-10","time":1710076925,"value":180},{"date":"2024-02-24","time":1708819083,"value":318},{"date":"2024-02-25","time":1708905484,"value":293},{"date":"2024-02-26","time":1708991884,"value":264},{"date":"2024-02-27","time":1709078284,"value":278},{"date":"2024-02-28","time":1709164684,"value":310},{"date":"2024-02-29","time":1709251083,"value":335}]}},{"header":{"messageId":"a044441850c9459884b0e952fb6866a9","namespace":"Appliance.Control.Electricity","method":"GETACK","payloadVersion":1,"from":"/appliance/20091131118061251h5748e1e9334e2b/publish","timestamp":1710076928,"timestampMs":151,"sign":"66060067b3d22730c2de8f2f71d492b1"},"payload":{"electricity":{"channel":0,"current":0,"voltage":2380,"power":0,"config":{"voltageRatio":186,"electricityRatio":121}}}}]}
2024/03/10 - 13:22:08	TX	http	GET	Appliance.System.DNDMode	{"DNDMode":{}}
2024/03/10 - 13:22:08	RX	http	GETACK	Appliance.System.DNDMode	{"DNDMode":{"mode":0}}
2024/03/10 - 13:22:08		auto	LOG	debug	Polling end
2024/03/10 - 13:22:38		auto	LOG	debug	Polling begin
2024/03/10 - 13:22:38	TX	http	SET	Appliance.Control.Multiple	{"multiple":[{"header":{"messageId":"53125451c0f34697bcdac22ff3b8d64c","namespace":"Appliance.Control.Electricity","method":"GET","payloadVersion":1,"from":"/app/1173508-42c605eae28a487cb9053e0b9aae0d36/subscribe","timestamp":1710076958,"timestampMs":0,"sign":"6c6752866701ac92e0528b5d45611b33"},"payload":{"electricity":{}}},{"header":{"messageId":"164fc1b0f6bf45838290fc63fc1189f2","namespace":"Appliance.System.DNDMode","method":"GET","payloadVersion":1,"from":"/app/1173508-42c605eae28a487cb9053e0b9aae0d36/subscribe","timestamp":1710076958,"timestampMs":0,"sign":"0685ede360f2c3dd1b825f2f06163c75"},"payload":{"DNDMode":{}}}]}
2024/03/10 - 13:22:38	RX	http	SETACK	Appliance.Control.Multiple	{"multiple":[{"header":{"messageId":"53125451c0f34697bcdac22ff3b8d64c","namespace":"Appliance.Control.Electricity","method":"GETACK","payloadVersion":1,"from":"/appliance/20091131118061251h5748e1e9334e2b/publish","timestamp":1710076958,"timestampMs":168,"sign":"6c6752866701ac92e0528b5d45611b33"},"payload":{"electricity":{"channel":0,"current":0,"voltage":2380,"power":0,"config":{"voltageRatio":186,"electricityRatio":121}}}},{"header":{"messageId":"164fc1b0f6bf45838290fc63fc1189f2","namespace":"Appliance.System.DNDMode","method":"GETACK","payloadVersion":1,"from":"/appliance/20091131118061251h5748e1e9334e2b/publish","timestamp":1710076958,"timestampMs":170,"sign":"0685ede360f2c3dd1b825f2f06163c75"},"payload":{"DNDMode":{"mode":0}}}]}
2024/03/10 - 13:22:38		auto	LOG	debug	Polling end
2024/03/10 - 13:23:08		auto	LOG	debug	Polling begin
2024/03/10 - 13:23:08	TX	http	SET	Appliance.Control.Multiple	{"multiple":[{"header":{"messageId":"311e220013a547c58977be0a1e07f71d","namespace":"Appliance.Control.ConsumptionX","method":"GET","payloadVersion":1,"from":"/app/1173508-42c605eae28a487cb9053e0b9aae0d36/subscribe","timestamp":1710076988,"timestampMs":0,"sign":"e4e849e27c3c1dca1d91d45c3d0436dd"},"payload":{"consumptionx":[]}},{"header":{"messageId":"b3dda743bf9a4bcb92738fefb432766e","namespace":"Appliance.Control.Electricity","method":"GET","payloadVersion":1,"from":"/app/1173508-42c605eae28a487cb9053e0b9aae0d36/subscribe","timestamp":1710076988,"timestampMs":0,"sign":"cbd8a42ad3fa02c0c60b2391c87c3838"},"payload":{"electricity":{}}}]}
2024/03/10 - 13:23:08	RX	http	SETACK	Appliance.Control.Multiple	{"multiple":[{"header":{"messageId":"311e220013a547c58977be0a1e07f71d","namespace":"Appliance.Control.ConsumptionX","method":"GETACK","payloadVersion":1,"from":"/appliance/20091131118061251h5748e1e9334e2b/publish","timestamp":1710076988,"timestampMs":179,"sign":"e4e849e27c3c1dca1d91d45c3d0436dd"},"payload":{"consumptionx":[{"date":"2024-03-01","time":1709337483,"value":310},{"date":"2024-03-02","time":1709423883,"value":319},{"date":"2024-03-03","time":1709510282,"value":318},{"date":"2024-03-04","time":1709596684,"value":283},{"date":"2024-03-05","time":1709683084,"value":324},{"date":"2024-03-06","time":1709769485,"value":321},{"date":"2024-03-07","time":1709855883,"value":305},{"date":"2024-03-08","time":1709942282,"value":283},{"date":"2024-03-09","time":1710028683,"value":329},{"date":"2024-03-10","time":1710076985,"value":180},{"date":"2024-02-24","time":1708819083,"value":318},{"date":"2024-02-25","time":1708905484,"value":293},{"date":"2024-02-26","time":1708991884,"value":264},{"date":"2024-02-27","time":1709078284,"value":278},{"date":"2024-02-28","time":1709164684,"value":310},{"date":"2024-02-29","time":1709251083,"value":335}]}},{"header":{"messageId":"b3dda743bf9a4bcb92738fefb432766e","namespace":"Appliance.Control.Electricity","method":"GETACK","payloadVersion":1,"from":"/appliance/20091131118061251h5748e1e9334e2b/publish","timestamp":1710076988,"timestampMs":185,"sign":"cbd8a42ad3fa02c0c60b2391c87c3838"},"payload":{"electricity":{"channel":0,"current":0,"voltage":2380,"power":0,"config":{"voltageRatio":186,"electricityRatio":121}}}}]}
2024/03/10 - 13:23:08	TX	http	GET	Appliance.System.DNDMode	{"DNDMode":{}}
2024/03/10 - 13:23:08	RX	http	GETACK	Appliance.System.DNDMode	{"DNDMode":{"mode":0}}
2024/03/10 - 13:23:08		auto	LOG	debug	Polling end
2024/03/10 - 13:23:38		auto	LOG	debug	Polling begin
2024/03/10 - 13:23:38	TX	http	SET	Appliance.Control.Multiple	{"multiple":[{"header":{"messageId":"03d952c60367477f919a88be434014f9","namespace":"Appliance.Control.Electricity","method":"GET","payloadVersion":1,"from":"/app/1173508-42c605eae28a487cb9053e0b9aae0d36/subscribe","timestamp":1710077018,"timestampMs":0,"sign":"16478d1ea407436fcf6c6f19b2ce91ec"},"payload":{"electricity":{}}},{"header":{"messageId":"462159cdf8b84450ab973a4a223ec765","namespace":"Appliance.System.DNDMode","method":"GET","payloadVersion":1,"from":"/app/1173508-42c605eae28a487cb9053e0b9aae0d36/subscribe","timestamp":1710077018,"timestampMs":0,"sign":"3c415a4579dcde9d77bd39adeed08156"},"payload":{"DNDMode":{}}}]}
2024/03/10 - 13:23:38	RX	http	SETACK	Appliance.Control.Multiple	{"multiple":[{"header":{"messageId":"03d952c60367477f919a88be434014f9","namespace":"Appliance.Control.Electricity","method":"GETACK","payloadVersion":1,"from":"/appliance/20091131118061251h5748e1e9334e2b/publish","timestamp":1710077018,"timestampMs":201,"sign":"16478d1ea407436fcf6c6f19b2ce91ec"},"payload":{"electricity":{"channel":0,"current":0,"voltage":2380,"power":0,"config":{"voltageRatio":186,"electricityRatio":121}}}},{"header":{"messageId":"462159cdf8b84450ab973a4a223ec765","namespace":"Appliance.System.DNDMode","method":"GETACK","payloadVersion":1,"from":"/appliance/20091131118061251h5748e1e9334e2b/publish","timestamp":1710077018,"timestampMs":203,"sign":"3c415a4579dcde9d77bd39adeed08156"},"payload":{"DNDMode":{"mode":0}}}]}
2024/03/10 - 13:23:38		auto	LOG	debug	Polling end
2024/03/10 - 13:24:08		auto	LOG	debug	Polling begin
2024/03/10 - 13:24:08	TX	http	SET	Appliance.Control.Multiple	{"multiple":[{"header":{"messageId":"056ff74ff9714249b7dc3f7c7873b50c","namespace":"Appliance.Control.ConsumptionX","method":"GET","payloadVersion":1,"from":"/app/1173508-42c605eae28a487cb9053e0b9aae0d36/subscribe","timestamp":1710077048,"timestampMs":0,"sign":"1dd0b0add700d34f65de5210fab31d80"},"payload":{"consumptionx":[]}},{"header":{"messageId":"7e2739dbab3d47f29a1d80f88005983f","namespace":"Appliance.Control.Electricity","method":"GET","payloadVersion":1,"from":"/app/1173508-42c605eae28a487cb9053e0b9aae0d36/subscribe","timestamp":1710077048,"timestampMs":0,"sign":"e0a386d21cbdad27c2bb309b91e10cc4"},"payload":{"electricity":{}}}]}
2024/03/10 - 13:24:08	RX	http	SETACK	Appliance.Control.Multiple	{"multiple":[{"header":{"messageId":"056ff74ff9714249b7dc3f7c7873b50c","namespace":"Appliance.Control.ConsumptionX","method":"GETACK","payloadVersion":1,"from":"/appliance/20091131118061251h5748e1e9334e2b/publish","timestamp":1710077048,"timestampMs":230,"sign":"1dd0b0add700d34f65de5210fab31d80"},"payload":{"consumptionx":[{"date":"2024-03-01","time":1709337483,"value":310},{"date":"2024-03-02","time":1709423883,"value":319},{"date":"2024-03-03","time":1709510282,"value":318},{"date":"2024-03-04","time":1709596684,"value":283},{"date":"2024-03-05","time":1709683084,"value":324},{"date":"2024-03-06","time":1709769485,"value":321},{"date":"2024-03-07","time":1709855883,"value":305},{"date":"2024-03-08","time":1709942282,"value":283},{"date":"2024-03-09","time":1710028683,"value":329},{"date":"2024-03-10","time":1710077045,"value":180},{"date":"2024-02-24","time":1708819083,"value":318},{"date":"2024-02-25","time":1708905484,"value":293},{"date":"2024-02-26","time":1708991884,"value":264},{"date":"2024-02-27","time":1709078284,"value":278},{"date":"2024-02-28","time":1709164684,"value":310},{"date":"2024-02-29","time":1709251083,"value":335}]}},{"header":{"messageId":"7e2739dbab3d47f29a1d80f88005983f","namespace":"Appliance.Control.Electricity","method":"GETACK","payloadVersion":1,"from":"/appliance/20091131118061251h5748e1e9334e2b/publish","timestamp":1710077048,"timestampMs":236,"sign":"e0a386d21cbdad27c2bb309b91e10cc4"},"payload":{"electricity":{"channel":0,"current":0,"voltage":2380,"power":0,"config":{"voltageRatio":186,"electricityRatio":121}}}}]}
2024/03/10 - 13:24:08	TX	http	SET	Appliance.Control.Multiple	{"multiple":[{"header":{"messageId":"99c38619d03e43e3935ecaefa305baef","namespace":"Appliance.System.DNDMode","method":"GET","payloadVersion":1,"from":"/app/1173508-42c605eae28a487cb9053e0b9aae0d36/subscribe","timestamp":1710077048,"timestampMs":0,"sign":"085b7c8f6ccd4696ffa846f24b13be1e"},"payload":{"DNDMode":{}}},{"header":{"messageId":"a2068df0ec774902ab50f3985661aab2","namespace":"Appliance.System.Runtime","method":"GET","payloadVersion":1,"from":"/app/1173508-42c605eae28a487cb9053e0b9aae0d36/subscribe","timestamp":1710077048,"timestampMs":0,"sign":"dc1c8eb1b5d1d32fe10b06e765b042c9"},"payload":{"runtime":{}}}]}
2024/03/10 - 13:24:08	RX	http	SETACK	Appliance.Control.Multiple	{"multiple":[{"header":{"messageId":"99c38619d03e43e3935ecaefa305baef","namespace":"Appliance.System.DNDMode","method":"GETACK","payloadVersion":1,"from":"/appliance/20091131118061251h5748e1e9334e2b/publish","timestamp":1710077048,"timestampMs":263,"sign":"085b7c8f6ccd4696ffa846f24b13be1e"},"payload":{"DNDMode":{"mode":0}}},{"header":{"messageId":"a2068df0ec774902ab50f3985661aab2","namespace":"Appliance.System.Runtime","method":"GETACK","payloadVersion":1,"from":"/appliance/20091131118061251h5748e1e9334e2b/publish","timestamp":1710077048,"timestampMs":264,"sign":"dc1c8eb1b5d1d32fe10b06e765b042c9"},"payload":{"runtime":{"signal":78}}}]}
2024/03/10 - 13:24:08		auto	LOG	debug	Polling end
2024/03/10 - 13:24:38		auto	LOG	debug	Polling begin
2024/03/10 - 13:24:38	TX	http	SET	Appliance.Control.Multiple	{"multiple":[{"header":{"messageId":"7374be2a618d455ea2687f4fa89cd6a5","namespace":"Appliance.Control.Electricity","method":"GET","payloadVersion":1,"from":"/app/1173508-42c605eae28a487cb9053e0b9aae0d36/subscribe","timestamp":1710077078,"timestampMs":0,"sign":"baac64d15de24a02240be4e31f48113a"},"payload":{"electricity":{}}},{"header":{"messageId":"8bde0e3448124ea2b85971aa0acfb7a8","namespace":"Appliance.System.DNDMode","method":"GET","payloadVersion":1,"from":"/app/1173508-42c605eae28a487cb9053e0b9aae0d36/subscribe","timestamp":1710077078,"timestampMs":0,"sign":"bbafa3257922d7e2989a4e4d596aa9da"},"payload":{"DNDMode":{}}}]}
2024/03/10 - 13:24:38	RX	http	SETACK	Appliance.Control.Multiple	{"multiple":[{"header":{"messageId":"7374be2a618d455ea2687f4fa89cd6a5","namespace":"Appliance.Control.Electricity","method":"GETACK","payloadVersion":1,"from":"/appliance/20091131118061251h5748e1e9334e2b/publish","timestamp":1710077078,"timestampMs":303,"sign":"baac64d15de24a02240be4e31f48113a"},"payload":{"electricity":{"channel":0,"current":0,"voltage":2380,"power":0,"config":{"voltageRatio":186,"electricityRatio":121}}}},{"header":{"messageId":"8bde0e3448124ea2b85971aa0acfb7a8","namespace":"Appliance.System.DNDMode","method":"GETACK","payloadVersion":1,"from":"/appliance/20091131118061251h5748e1e9334e2b/publish","timestamp":1710077078,"timestampMs":304,"sign":"bbafa3257922d7e2989a4e4d596aa9da"},"payload":{"DNDMode":{"mode":0}}}]}
2024/03/10 - 13:24:38		auto	LOG	debug	Polling end
2024/03/10 - 13:25:08		auto	LOG	debug	Polling begin
2024/03/10 - 13:25:08	TX	http	SET	Appliance.Control.Multiple	{"multiple":[{"header":{"messageId":"6c99dd43462c487ca5ba64ecb755b59e","namespace":"Appliance.Control.ConsumptionX","method":"GET","payloadVersion":1,"from":"/app/1173508-42c605eae28a487cb9053e0b9aae0d36/subscribe","timestamp":1710077108,"timestampMs":0,"sign":"b7479920cdd4c085b20aa79a3de02ab3"},"payload":{"consumptionx":[]}},{"header":{"messageId":"57f38638ec394c6786d3540321de5831","namespace":"Appliance.Control.Electricity","method":"GET","payloadVersion":1,"from":"/app/1173508-42c605eae28a487cb9053e0b9aae0d36/subscribe","timestamp":1710077108,"timestampMs":0,"sign":"46ce1714782a58ae0dc95ff5b2698c9d"},"payload":{"electricity":{}}}]}
2024/03/10 - 13:25:08	RX	http	SETACK	Appliance.Control.Multiple	{"multiple":[{"header":{"messageId":"6c99dd43462c487ca5ba64ecb755b59e","namespace":"Appliance.Control.ConsumptionX","method":"GETACK","payloadVersion":1,"from":"/appliance/20091131118061251h5748e1e9334e2b/publish","timestamp":1710077108,"timestampMs":303,"sign":"b7479920cdd4c085b20aa79a3de02ab3"},"payload":{"consumptionx":[{"date":"2024-03-01","time":1709337483,"value":310},{"date":"2024-03-02","time":1709423883,"value":319},{"date":"2024-03-03","time":1709510282,"value":318},{"date":"2024-03-04","time":1709596684,"value":283},{"date":"2024-03-05","time":1709683084,"value":324},{"date":"2024-03-06","time":1709769485,"value":321},{"date":"2024-03-07","time":1709855883,"value":305},{"date":"2024-03-08","time":1709942282,"value":283},{"date":"2024-03-09","time":1710028683,"value":329},{"date":"2024-03-10","time":1710077105,"value":180},{"date":"2024-02-24","time":1708819083,"value":318},{"date":"2024-02-25","time":1708905484,"value":293},{"date":"2024-02-26","time":1708991884,"value":264},{"date":"2024-02-27","time":1709078284,"value":278},{"date":"2024-02-28","time":1709164684,"value":310},{"date":"2024-02-29","time":1709251083,"value":335}]}},{"header":{"messageId":"57f38638ec394c6786d3540321de5831","namespace":"Appliance.Control.Electricity","method":"GETACK","payloadVersion":1,"from":"/appliance/20091131118061251h5748e1e9334e2b/publish","timestamp":1710077108,"timestampMs":310,"sign":"46ce1714782a58ae0dc95ff5b2698c9d"},"payload":{"electricity":{"channel":0,"current":0,"voltage":2380,"power":0,"config":{"voltageRatio":186,"electricityRatio":121}}}}]}
2024/03/10 - 13:25:08	TX	http	GET	Appliance.System.DNDMode	{"DNDMode":{}}
2024/03/10 - 13:25:08	RX	http	GETACK	Appliance.System.DNDMode	{"DNDMode":{"mode":0}}
2024/03/10 - 13:25:08		auto	LOG	debug	Polling end
2024/03/10 - 13:25:38		auto	LOG	debug	Polling begin
2024/03/10 - 13:25:38	TX	http	SET	Appliance.Control.Multiple	{"multiple":[{"header":{"messageId":"6df496566bf64e5980e1754652dc7951","namespace":"Appliance.Control.Electricity","method":"GET","payloadVersion":1,"from":"/app/1173508-42c605eae28a487cb9053e0b9aae0d36/subscribe","timestamp":1710077138,"timestampMs":0,"sign":"f0bdca1963f078cd8a70b2ecd48ec7af"},"payload":{"electricity":{}}},{"header":{"messageId":"a7b8d120e113440aadd422e46ad423e1","namespace":"Appliance.System.DNDMode","method":"GET","payloadVersion":1,"from":"/app/1173508-42c605eae28a487cb9053e0b9aae0d36/subscribe","timestamp":1710077138,"timestampMs":0,"sign":"32e988e4d8aaa64a5d174943c4578418"},"payload":{"DNDMode":{}}}]}
2024/03/10 - 13:25:38	RX	http	SETACK	Appliance.Control.Multiple	{"multiple":[{"header":{"messageId":"6df496566bf64e5980e1754652dc7951","namespace":"Appliance.Control.Electricity","method":"GETACK","payloadVersion":1,"from":"/appliance/20091131118061251h5748e1e9334e2b/publish","timestamp":1710077138,"timestampMs":345,"sign":"f0bdca1963f078cd8a70b2ecd48ec7af"},"payload":{"electricity":{"channel":0,"current":0,"voltage":2380,"power":0,"config":{"voltageRatio":186,"electricityRatio":121}}}},{"header":{"messageId":"a7b8d120e113440aadd422e46ad423e1","namespace":"Appliance.System.DNDMode","method":"GETACK","payloadVersion":1,"from":"/appliance/20091131118061251h5748e1e9334e2b/publish","timestamp":1710077138,"timestampMs":346,"sign":"32e988e4d8aaa64a5d174943c4578418"},"payload":{"DNDMode":{"mode":0}}}]}
2024/03/10 - 13:25:38		auto	LOG	debug	Polling end
2024/03/10 - 13:26:08		auto	LOG	debug	Polling begin
2024/03/10 - 13:26:08	TX	http	SET	Appliance.Control.Multiple	{"multiple":[{"header":{"messageId":"eb366c2dd74f4d51afd77fa70f0481fc","namespace":"Appliance.Control.ConsumptionX","method":"GET","payloadVersion":1,"from":"/app/1173508-42c605eae28a487cb9053e0b9aae0d36/subscribe","timestamp":1710077168,"timestampMs":0,"sign":"0da2f2096e2fbae846dcef035ffbc44c"},"payload":{"consumptionx":[]}},{"header":{"messageId":"592860756fe7412a98b08f9d2cff282b","namespace":"Appliance.Control.Electricity","method":"GET","payloadVersion":1,"from":"/app/1173508-42c605eae28a487cb9053e0b9aae0d36/subscribe","timestamp":1710077168,"timestampMs":0,"sign":"700d8440f38c0fe7860e4914930bed0b"},"payload":{"electricity":{}}}]}
2024/03/10 - 13:26:08	RX	http	SETACK	Appliance.Control.Multiple	{"multiple":[{"header":{"messageId":"eb366c2dd74f4d51afd77fa70f0481fc","namespace":"Appliance.Control.ConsumptionX","method":"GETACK","payloadVersion":1,"from":"/appliance/20091131118061251h5748e1e9334e2b/publish","timestamp":1710077168,"timestampMs":346,"sign":"0da2f2096e2fbae846dcef035ffbc44c"},"payload":{"consumptionx":[{"date":"2024-03-01","time":1709337483,"value":310},{"date":"2024-03-02","time":1709423883,"value":319},{"date":"2024-03-03","time":1709510282,"value":318},{"date":"2024-03-04","time":1709596684,"value":283},{"date":"2024-03-05","time":1709683084,"value":324},{"date":"2024-03-06","time":1709769485,"value":321},{"date":"2024-03-07","time":1709855883,"value":305},{"date":"2024-03-08","time":1709942282,"value":283},{"date":"2024-03-09","time":1710028683,"value":329},{"date":"2024-03-10","time":1710077165,"value":180},{"date":"2024-02-24","time":1708819083,"value":318},{"date":"2024-02-25","time":1708905484,"value":293},{"date":"2024-02-26","time":1708991884,"value":264},{"date":"2024-02-27","time":1709078284,"value":278},{"date":"2024-02-28","time":1709164684,"value":310},{"date":"2024-02-29","time":1709251083,"value":335}]}},{"header":{"messageId":"592860756fe7412a98b08f9d2cff282b","namespace":"Appliance.Control.Electricity","method":"GETACK","payloadVersion":1,"from":"/appliance/20091131118061251h5748e1e9334e2b/publish","timestamp":1710077168,"timestampMs":352,"sign":"700d8440f38c0fe7860e4914930bed0b"},"payload":{"electricity":{"channel":0,"current":0,"voltage":2380,"power":0,"config":{"voltageRatio":186,"electricityRatio":121}}}}]}
2024/03/10 - 13:26:08	TX	http	GET	Appliance.System.DNDMode	{"DNDMode":{}}
2024/03/10 - 13:26:08	RX	http	GETACK	Appliance.System.DNDMode	{"DNDMode":{"mode":0}}
2024/03/10 - 13:26:08		auto	LOG	debug	Polling end
2024/03/10 - 13:26:38		auto	LOG	debug	Polling begin
2024/03/10 - 13:26:38	TX	http	SET	Appliance.Control.Multiple	{"multiple":[{"header":{"messageId":"a38454ebe17545a19fc8ca7823c321df","namespace":"Appliance.Control.Electricity","method":"GET","payloadVersion":1,"from":"/app/1173508-42c605eae28a487cb9053e0b9aae0d36/subscribe","timestamp":1710077198,"timestampMs":0,"sign":"fa9e151a7dfcb265c0965a3ee4ff51b6"},"payload":{"electricity":{}}},{"header":{"messageId":"51d5bb48cf0449e99c77ed6fc3d4b525","namespace":"Appliance.System.DNDMode","method":"GET","payloadVersion":1,"from":"/app/1173508-42c605eae28a487cb9053e0b9aae0d36/subscribe","timestamp":1710077198,"timestampMs":0,"sign":"ad458824602aa0f9ee325106075bcb5d"},"payload":{"DNDMode":{}}}]}
2024/03/10 - 13:26:38	RX	http	SETACK	Appliance.Control.Multiple	{"multiple":[{"header":{"messageId":"a38454ebe17545a19fc8ca7823c321df","namespace":"Appliance.Control.Electricity","method":"GETACK","payloadVersion":1,"from":"/appliance/20091131118061251h5748e1e9334e2b/publish","timestamp":1710077198,"timestampMs":395,"sign":"fa9e151a7dfcb265c0965a3ee4ff51b6"},"payload":{"electricity":{"channel":0,"current":0,"voltage":2380,"power":0,"config":{"voltageRatio":186,"electricityRatio":121}}}},{"header":{"messageId":"51d5bb48cf0449e99c77ed6fc3d4b525","namespace":"Appliance.System.DNDMode","method":"GETACK","payloadVersion":1,"from":"/appliance/20091131118061251h5748e1e9334e2b/publish","timestamp":1710077198,"timestampMs":396,"sign":"ad458824602aa0f9ee325106075bcb5d"},"payload":{"DNDMode":{"mode":0}}}]}
2024/03/10 - 13:26:38		auto	LOG	debug	Polling end
2024/03/10 - 13:27:08		auto	LOG	debug	Polling begin
2024/03/10 - 13:27:08	TX	http	SET	Appliance.Control.Multiple	{"multiple":[{"header":{"messageId":"4d4fcf53cd964dc5bfd47ec7915d5880","namespace":"Appliance.Control.ConsumptionX","method":"GET","payloadVersion":1,"from":"/app/1173508-42c605eae28a487cb9053e0b9aae0d36/subscribe","timestamp":1710077228,"timestampMs":0,"sign":"0ff7c4f0f8a164d08146d260938ac2ab"},"payload":{"consumptionx":[]}},{"header":{"messageId":"46b131cd6e244ea99405d05d7d2a8e73","namespace":"Appliance.Control.Electricity","method":"GET","payloadVersion":1,"from":"/app/1173508-42c605eae28a487cb9053e0b9aae0d36/subscribe","timestamp":1710077228,"timestampMs":0,"sign":"8b3da81063fc8cc13d7c2b890fd0f27a"},"payload":{"electricity":{}}}]}
2024/03/10 - 13:27:08	RX	http	SETACK	Appliance.Control.Multiple	{"multiple":[{"header":{"messageId":"4d4fcf53cd964dc5bfd47ec7915d5880","namespace":"Appliance.Control.ConsumptionX","method":"GETACK","payloadVersion":1,"from":"/appliance/20091131118061251h5748e1e9334e2b/publish","timestamp":1710077228,"timestampMs":396,"sign":"0ff7c4f0f8a164d08146d260938ac2ab"},"payload":{"consumptionx":[{"date":"2024-03-01","time":1709337483,"value":310},{"date":"2024-03-02","time":1709423883,"value":319},{"date":"2024-03-03","time":1709510282,"value":318},{"date":"2024-03-04","time":1709596684,"value":283},{"date":"2024-03-05","time":1709683084,"value":324},{"date":"2024-03-06","time":1709769485,"value":321},{"date":"2024-03-07","time":1709855883,"value":305},{"date":"2024-03-08","time":1709942282,"value":283},{"date":"2024-03-09","time":1710028683,"value":329},{"date":"2024-03-10","time":1710077225,"value":180},{"date":"2024-02-24","time":1708819083,"value":318},{"date":"2024-02-25","time":1708905484,"value":293},{"date":"2024-02-26","time":1708991884,"value":264},{"date":"2024-02-27","time":1709078284,"value":278},{"date":"2024-02-28","time":1709164684,"value":310},{"date":"2024-02-29","time":1709251083,"value":335}]}},{"header":{"messageId":"46b131cd6e244ea99405d05d7d2a8e73","namespace":"Appliance.Control.Electricity","method":"GETACK","payloadVersion":1,"from":"/appliance/20091131118061251h5748e1e9334e2b/publish","timestamp":1710077228,"timestampMs":402,"sign":"8b3da81063fc8cc13d7c2b890fd0f27a"},"payload":{"electricity":{"channel":0,"current":0,"voltage":2380,"power":0,"config":{"voltageRatio":186,"electricityRatio":121}}}}]}
2024/03/10 - 13:27:08	TX	http	GET	Appliance.System.DNDMode	{"DNDMode":{}}
2024/03/10 - 13:27:08	RX	http	GETACK	Appliance.System.DNDMode	{"DNDMode":{"mode":0}}
2024/03/10 - 13:27:08		auto	LOG	debug	Polling end
2024/03/10 - 13:27:38		auto	LOG	debug	Polling begin
2024/03/10 - 13:27:38	TX	http	SET	Appliance.Control.Multiple	{"multiple":[{"header":{"messageId":"3659e2986e5749f7924e6e8731321ddc","namespace":"Appliance.Control.Electricity","method":"GET","payloadVersion":1,"from":"/app/1173508-42c605eae28a487cb9053e0b9aae0d36/subscribe","timestamp":1710077258,"timestampMs":0,"sign":"c46b445653405e6ff6630ea5fdab4051"},"payload":{"electricity":{}}},{"header":{"messageId":"671ecfca72b240e18dcd6e3950833a06","namespace":"Appliance.System.DNDMode","method":"GET","payloadVersion":1,"from":"/app/1173508-42c605eae28a487cb9053e0b9aae0d36/subscribe","timestamp":1710077258,"timestampMs":0,"sign":"576290356186c5e49ad69f047cce275d"},"payload":{"DNDMode":{}}}]}
2024/03/10 - 13:27:38	RX	http	SETACK	Appliance.Control.Multiple	{"multiple":[{"header":{"messageId":"3659e2986e5749f7924e6e8731321ddc","namespace":"Appliance.Control.Electricity","method":"GETACK","payloadVersion":1,"from":"/appliance/20091131118061251h5748e1e9334e2b/publish","timestamp":1710077258,"timestampMs":433,"sign":"c46b445653405e6ff6630ea5fdab4051"},"payload":{"electricity":{"channel":0,"current":0,"voltage":2380,"power":0,"config":{"voltageRatio":186,"electricityRatio":121}}}},{"header":{"messageId":"671ecfca72b240e18dcd6e3950833a06","namespace":"Appliance.System.DNDMode","method":"GETACK","payloadVersion":1,"from":"/appliance/20091131118061251h5748e1e9334e2b/publish","timestamp":1710077258,"timestampMs":434,"sign":"576290356186c5e49ad69f047cce275d"},"payload":{"DNDMode":{"mode":0}}}]}
2024/03/10 - 13:27:38		auto	LOG	debug	Polling end
2024/03/10 - 13:28:08		auto	LOG	debug	Polling begin
2024/03/10 - 13:28:08	TX	http	SET	Appliance.Control.Multiple	{"multiple":[{"header":{"messageId":"f652bf5cf6ad4b08a370ca4189191ef5","namespace":"Appliance.Control.ConsumptionX","method":"GET","payloadVersion":1,"from":"/app/1173508-42c605eae28a487cb9053e0b9aae0d36/subscribe","timestamp":1710077288,"timestampMs":0,"sign":"90df4fae5be858cb314af2502619c341"},"payload":{"consumptionx":[]}},{"header":{"messageId":"a1151033faab4e189dcae1f6d6f20475","namespace":"Appliance.Control.Electricity","method":"GET","payloadVersion":1,"from":"/app/1173508-42c605eae28a487cb9053e0b9aae0d36/subscribe","timestamp":1710077288,"timestampMs":0,"sign":"1e3eb26f011517f4433b412a0dd5acad"},"payload":{"electricity":{}}}]}
2024/03/10 - 13:28:08	RX	http	SETACK	Appliance.Control.Multiple	{"multiple":[{"header":{"messageId":"f652bf5cf6ad4b08a370ca4189191ef5","namespace":"Appliance.Control.ConsumptionX","method":"GETACK","payloadVersion":1,"from":"/appliance/20091131118061251h5748e1e9334e2b/publish","timestamp":1710077289,"timestampMs":434,"sign":"e0b8aaace90620a0feb6a7c24ff0afe1"},"payload":{"consumptionx":[{"date":"2024-03-01","time":1709337483,"value":310},{"date":"2024-03-02","time":1709423883,"value":319},{"date":"2024-03-03","time":1709510282,"value":318},{"date":"2024-03-04","time":1709596684,"value":283},{"date":"2024-03-05","time":1709683084,"value":324},{"date":"2024-03-06","time":1709769485,"value":321},{"date":"2024-03-07","time":1709855883,"value":305},{"date":"2024-03-08","time":1709942282,"value":283},{"date":"2024-03-09","time":1710028683,"value":329},{"date":"2024-03-10","time":1710077285,"value":180},{"date":"2024-02-24","time":1708819083,"value":318},{"date":"2024-02-25","time":1708905484,"value":293},{"date":"2024-02-26","time":1708991884,"value":264},{"date":"2024-02-27","time":1709078284,"value":278},{"date":"2024-02-28","time":1709164684,"value":310},{"date":"2024-02-29","time":1709251083,"value":335}]}},{"header":{"messageId":"a1151033faab4e189dcae1f6d6f20475","namespace":"Appliance.Control.Electricity","method":"GETACK","payloadVersion":1,"from":"/appliance/20091131118061251h5748e1e9334e2b/publish","timestamp":1710077289,"timestampMs":440,"sign":"fc6cc9153a5fade8ecbec4cd4253d04d"},"payload":{"electricity":{"channel":0,"current":0,"voltage":2380,"power":0,"config":{"voltageRatio":186,"electricityRatio":121}}}}]}
2024/03/10 - 13:28:08	TX	http	GET	Appliance.System.DNDMode	{"DNDMode":{}}
2024/03/10 - 13:28:08	RX	http	GETACK	Appliance.System.DNDMode	{"DNDMode":{"mode":0}}
2024/03/10 - 13:28:08		auto	LOG	debug	Polling end
2024/03/10 - 13:28:38		auto	LOG	debug	Polling begin
2024/03/10 - 13:28:38	TX	http	SET	Appliance.Control.Multiple	{"multiple":[{"header":{"messageId":"c67eecd7521341068c616d57b085ffc8","namespace":"Appliance.Control.Electricity","method":"GET","payloadVersion":1,"from":"/app/1173508-42c605eae28a487cb9053e0b9aae0d36/subscribe","timestamp":1710077318,"timestampMs":0,"sign":"5fd46a40cd1ecde6bf8e080f47d4eaaf"},"payload":{"electricity":{}}},{"header":{"messageId":"032e4a6dba89473095a14147257afe34","namespace":"Appliance.System.DNDMode","method":"GET","payloadVersion":1,"from":"/app/1173508-42c605eae28a487cb9053e0b9aae0d36/subscribe","timestamp":1710077318,"timestampMs":0,"sign":"d9761be38e94f47d7a5aabcf495cc4bc"},"payload":{"DNDMode":{}}}]}
2024/03/10 - 13:28:38	RX	http	SETACK	Appliance.Control.Multiple	{"multiple":[{"header":{"messageId":"c67eecd7521341068c616d57b085ffc8","namespace":"Appliance.Control.Electricity","method":"GETACK","payloadVersion":1,"from":"/appliance/20091131118061251h5748e1e9334e2b/publish","timestamp":1710077319,"timestampMs":462,"sign":"f4f92d20011fc83a524f0dde4619e60b"},"payload":{"electricity":{"channel":0,"current":0,"voltage":2380,"power":0,"config":{"voltageRatio":186,"electricityRatio":121}}}},{"header":{"messageId":"032e4a6dba89473095a14147257afe34","namespace":"Appliance.System.DNDMode","method":"GETACK","payloadVersion":1,"from":"/appliance/20091131118061251h5748e1e9334e2b/publish","timestamp":1710077319,"timestampMs":464,"sign":"bc6bb27eca9707fe24cd560cdda18f46"},"payload":{"DNDMode":{"mode":0}}}]}
2024/03/10 - 13:28:38		auto	LOG	debug	Polling end
