2024/02/23 - 06:57:23		auto	GETACK	Appliance.System.All	{"system":{"hardware":{"type":"msh300","subType":"un","version":"4.0.0","chipType":"mt7686","uuid":"2011188094237526280848e1e93cbc32","macAddress":"48:e1:e9:3c:bc:32"},"firmware":{"version":"4.1.26","compileTime":"2020/11/07 16:29:31 GMT +08:00","wifiMac":"2c:91:ab:d8:f7:69","innerIp":"192.168.1.156","server":"192.168.1.7","port":8883,"userId":0},"time":{"timestamp":1706081488,"timezone":"CET","timeRule":[[1698534000,3600,0],[1711843200,7200,1]]},"online":{"status":1}},"digest":{"hub":{"hubId":-381895630,"mode":0,"subdevice":[{"id":"120027D21C19","status":1,"onoff":0,"lastActiveTime":1706081299,"ms100":{"latestTime":1706081299,"latestTemperature":91,"latestHumidity":720,"voltage":2624}},{"id":"01008C11","status":1,"scheduleBMode":6,"onoff":1,"lastActiveTime":1706081477,"mts100v3":{"mode":0}},{"id":"0100783A","status":1,"scheduleBMode":6,"onoff":1,"lastActiveTime":1706081329,"mts100v3":{"mode":1}}]}}}
2024/02/23 - 06:57:23		auto	GETACK	Appliance.System.Ability	{"Appliance.Config.Key":{},"Appliance.Config.WifiList":{},"Appliance.Config.Wifi":{},"Appliance.Config.Trace":{},"Appliance.System.All":{},"Appliance.System.Hardware":{},"Appliance.System.Firmware":{},"Appliance.System.Debug":{},"Appliance.System.Online":{},"Appliance.System.Time":{},"Appliance.System.Ability":{},"Appliance.System.Runtime":{},"Appliance.System.Report":{},"Appliance.System.Position":{},"Appliance.System.DNDMode":{},"Appliance.Control.Multiple":{"maxCmdNum":5},"Appliance.Control.Bind":{},"Appliance.Control.Unbind":{},"Appliance.Control.Upgrade":{},"Appliance.Digest.Hub":{},"Appliance.Hub.Online":{},"Appliance.Hub.ToggleX":{},"Appliance.Hub.Exception":{},"Appliance.Hub.SubdeviceList":{},"Appliance.Hub.Report":{},"Appliance.Hub.Battery":{},"Appliance.Hub.Mts100.All":{},"Appliance.Hub.Mts100.TimeSync":{},"Appliance.Hub.Mts100.Mode":{},"Appliance.Hub.Mts100.Temperature":{},"Appliance.Hub.Mts100.Adjust":{},"Appliance.Hub.Mts100.Schedule":{"scheduleUnitTime":30},"Appliance.Hub.Mts100.ScheduleB":{"scheduleUnitTime":15},"Appliance.Hub.Sensor.All":{},"Appliance.Hub.Sensor.Latest":{},"Appliance.Hub.Sensor.TempHum":{},"Appliance.Hub.Sensor.Adjust":{},"Appliance.Hub.Sensor.Alert":{}}
2024/02/23 - 06:57:24		auto	LOG	debug	platform_setup_entry { platform: update }
2024/02/23 - 06:57:24		auto	LOG	debug	platform_setup_entry { platform: binary_sensor }
2024/02/23 - 06:57:24		auto	LOG	debug	platform_setup_entry { platform: calendar }
2024/02/23 - 06:57:24		auto	LOG	debug	platform_setup_entry { platform: number }
2024/02/23 - 06:57:24		auto	LOG	debug	platform_setup_entry { platform: sensor }
2024/02/23 - 06:57:24		auto	LOG	debug	platform_setup_entry { platform: switch }
2024/02/23 - 06:57:24		auto	LOG	debug	platform_setup_entry { platform: climate }
2024/02/23 - 06:57:24		auto	LOG	debug	platform_setup_entry { platform: select }
2024/02/23 - 06:57:24		auto	LOG	debug	platform_setup_entry { platform: light }
2024/02/23 - 06:57:24		auto	LOG	verbose	MTS100V3SubDevice(01008C11): MLBinarySensor(01008C11_window): Added to HomeAssistant
2024/02/23 - 06:57:24		auto	LOG	verbose	MTS100V3SubDevice(0100783A): MLBinarySensor(0100783A_window): Added to HomeAssistant
2024/02/23 - 06:57:24		auto	LOG	verbose	MTS100V3SubDevice(01008C11): Mts100Schedule(01008C11_schedule): Added to HomeAssistant
2024/02/23 - 06:57:24		auto	LOG	verbose	MTS100V3SubDevice(0100783A): Mts100Schedule(0100783A_schedule): Added to HomeAssistant
2024/02/23 - 06:57:24		auto	LOG	verbose	MS100SubDevice(120027D21C19): MLHubSensorAdjustNumber(120027D21C19_config_adjust_temperature): Added to HomeAssistant
2024/02/23 - 06:57:24		auto	LOG	verbose	MS100SubDevice(120027D21C19): MLHubSensorAdjustNumber(120027D21C19_config_adjust_humidity): Added to HomeAssistant
2024/02/23 - 06:57:24		auto	LOG	verbose	MTS100V3SubDevice(01008C11): Mts100AdjustNumber(01008C11_config_adjust_temperature): Added to HomeAssistant
2024/02/23 - 06:57:24		auto	LOG	verbose	MTS100V3SubDevice(01008C11): Mts100SetPointNumber(01008C11_config_temperature_away): Added to HomeAssistant
2024/02/23 - 06:57:24		auto	LOG	verbose	MTS100V3SubDevice(01008C11): Mts100SetPointNumber(01008C11_config_temperature_comfort): Added to HomeAssistant
2024/02/23 - 06:57:24		auto	LOG	verbose	MTS100V3SubDevice(01008C11): Mts100SetPointNumber(01008C11_config_temperature_economy): Added to HomeAssistant
2024/02/23 - 06:57:24		auto	LOG	verbose	MTS100V3SubDevice(0100783A): Mts100AdjustNumber(0100783A_config_adjust_temperature): Added to HomeAssistant
2024/02/23 - 06:57:24		auto	LOG	verbose	MTS100V3SubDevice(0100783A): Mts100SetPointNumber(0100783A_config_temperature_away): Added to HomeAssistant
2024/02/23 - 06:57:24		auto	LOG	verbose	MTS100V3SubDevice(0100783A): Mts100SetPointNumber(0100783A_config_temperature_comfort): Added to HomeAssistant
2024/02/23 - 06:57:24		auto	LOG	verbose	MTS100V3SubDevice(0100783A): Mts100SetPointNumber(0100783A_config_temperature_economy): Added to HomeAssistant
2024/02/23 - 06:57:24		auto	LOG	verbose	ProtocolSensor(sensor_protocol): Added to HomeAssistant
2024/02/23 - 06:57:24		auto	LOG	verbose	MLSignalStrengthSensor(signal_strength): Added to HomeAssistant
2024/02/23 - 06:57:24		auto	LOG	verbose	MS100SubDevice(120027D21C19): MLNumericSensor(120027D21C19_battery): Added to HomeAssistant
2024/02/23 - 06:57:24		auto	LOG	verbose	MS100SubDevice(120027D21C19): MLTemperatureSensor(120027D21C19_temperature): Added to HomeAssistant
2024/02/23 - 06:57:24		auto	LOG	verbose	MS100SubDevice(120027D21C19): MLHumiditySensor(120027D21C19_humidity): Added to HomeAssistant
2024/02/23 - 06:57:24		auto	LOG	verbose	MTS100V3SubDevice(01008C11): MLNumericSensor(01008C11_battery): Added to HomeAssistant
2024/02/23 - 06:57:24		auto	LOG	verbose	MTS100V3SubDevice(0100783A): MLNumericSensor(0100783A_battery): Added to HomeAssistant
2024/02/23 - 06:57:24		auto	LOG	verbose	MTS100V3SubDevice(01008C11): Mts100Climate(01008C11): Added to HomeAssistant
2024/02/23 - 06:57:24		auto	LOG	verbose	MTS100V3SubDevice(0100783A): Mts100Climate(0100783A): Added to HomeAssistant
2024/02/23 - 06:57:24		auto	LOG	verbose	MLDNDLightEntity(dnd): Added to HomeAssistant
2024/02/23 - 06:57:24		auto	LOG	debug	linked to profile:
2024/02/23 - 06:57:24		auto	LOG	debug	mqtt_attached to localhost:1883
2024/02/23 - 06:57:24		auto	LOG	debug	mqtt_connected to localhost:1883
2024/02/23 - 06:57:24		auto	LOG	debug	Polling begin
2024/02/23 - 06:57:24	TX	http	GET	Appliance.System.All	{"all":{}}
2024/02/23 - 06:57:24	RX	http	GETACK	Appliance.System.All	{"all":{"system":{"hardware":{"type":"msh300","subType":"un","version":"4.0.0","chipType":"mt7686","uuid":"2011188094237526280848e1e93cbc32","macAddress":"48:e1:e9:3c:bc:32"},"firmware":{"version":"4.1.26","compileTime":"2020/11/07 16:29:31 GMT +08:00","wifiMac":"2c:91:ab:d8:f7:69","innerIp":"192.168.1.156","server":"192.168.1.7","port":8883,"userId":0},"time":{"timestamp":1708671445,"timezone":"CET","timeRule":[[1698534000,3600,0],[1711843200,7200,1]]},"online":{"status":1}},"digest":{"hub":{"hubId":-381895630,"mode":0,"subdevice":[{"id":"120027D21C19","status":1,"onoff":0,"lastActiveTime":1708671293,"ms100":{"latestTime":1708671293,"latestTemperature":152,"latestHumidity":710,"voltage":2538}},{"id":"01008C11","status":1,"scheduleBMode":6,"onoff":1,"lastActiveTime":1708671271,"mts100v3":{"mode":1}},{"id":"0100783A","status":1,"scheduleBMode":6,"onoff":1,"lastActiveTime":1708671317,"mts100v3":{"mode":1}}]}}}}
2024/02/23 - 06:57:24		auto	LOG	debug	Switching protocol to http
2024/02/23 - 06:57:24		auto	LOG	debug	Back online!
2024/02/23 - 06:57:24		auto	LOG	debug	MS100SubDevice(120027D21C19): Back online!
2024/02/23 - 06:57:24		auto	LOG	debug	MTS100V3SubDevice(01008C11): Back online!
2024/02/23 - 06:57:24		auto	LOG	debug	MTS100V3SubDevice(0100783A): Back online!
2024/02/23 - 06:57:24	TX	http	SET	Appliance.Control.Multiple	{"multiple":[{"header":{"messageId":"62c4a72d8fba40ada1d9f7988e739f50","namespace":"Appliance.Hub.Sensor.All","method":"GET","payloadVersion":1,"from":"/appliance/meross_lan/publish","timestamp":1708671444,"timestampMs":0,"sign":"37c27e5615dc8661301bcc8e09075f8c"},"payload":{"all":[{"id":"120027D21C19"}]}},{"header":{"messageId":"1eb141425c784e0c93320fb1aa27c787","namespace":"Appliance.Hub.Sensor.Adjust","method":"GET","payloadVersion":1,"from":"/appliance/meross_lan/publish","timestamp":1708671444,"timestampMs":0,"sign":"3fc4552faddda4a90cb7bb0723284ee8"},"payload":{"adjust":[]}},{"header":{"messageId":"a0163235a4de463dad8f87be99df7c68","namespace":"Appliance.Hub.Battery","method":"GET","payloadVersion":1,"from":"/appliance/meross_lan/publish","timestamp":1708671444,"timestampMs":0,"sign":"b4a197318447c2e3d8edd8107055a0a3"},"payload":{"battery":[]}},{"header":{"messageId":"659c07f23795419e926c88100d54a03a","namespace":"Appliance.Hub.Mts100.All","method":"GET","payloadVersion":1,"from":"/appliance/meross_lan/publish","timestamp":1708671444,"timestampMs":0,"sign":"f1327a22aeb293a691721a21a81ef856"},"payload":{"all":[{"id":"01008C11"},{"id":"0100783A"}]}},{"header":{"messageId":"bf79de6b13c84889b5db6ef4232f1c59","namespace":"Appliance.Hub.Mts100.ScheduleB","method":"GET","payloadVersion":1,"from":"/appliance/meross_lan/publish","timestamp":1708671444,"timestampMs":0,"sign":"0135ba7b740f6dea845b029cd34feb14"},"payload":{"schedule":[{"id":"01008C11"},{"id":"0100783A"}]}}]}
2024/02/23 - 06:57:24	RX	http	SETACK	Appliance.Control.Multiple	{"multiple":[{"header":{"messageId":"62c4a72d8fba40ada1d9f7988e739f50","namespace":"Appliance.Hub.Sensor.All","method":"GETACK","payloadVersion":1,"from":"/appliance/2011188094237526280848e1e93cbc32/publish","timestamp":1708671445,"timestampMs":268,"sign":"73812004405fc061da3dd5cec794e14b"},"payload":{"all":[{"id":"120027D21C19","online":{"status":1,"lastActiveTime":1708671293},"temperature":{"latest":152,"latestSampleTime":1708671293,"max":500,"min":-100},"humidity":{"latest":710,"latestSampleTime":1708671293,"max":1000,"min":0}}]}},{"header":{"messageId":"1eb141425c784e0c93320fb1aa27c787","namespace":"Appliance.Hub.Sensor.Adjust","method":"GETACK","payloadVersion":1,"from":"/appliance/2011188094237526280848e1e93cbc32/publish","timestamp":1708671445,"timestampMs":269,"sign":"a4a5cab3daf7da1004cb3bd549140cd3"},"payload":{"adjust":[{"id":"120027D21C19","temperature":0,"humidity":0}]}},{"header":{"messageId":"a0163235a4de463dad8f87be99df7c68","namespace":"Appliance.Hub.Battery","method":"GETACK","payloadVersion":1,"from":"/appliance/2011188094237526280848e1e93cbc32/publish","timestamp":1708671445,"timestampMs":309,"sign":"723990747c7887068959c9ad2b6b5079"},"payload":{"battery":[{"id":"120027D21C19","value":50},{"id":"01008C11","value":100},{"id":"0100783A","value":100}]}},{"header":{"messageId":"659c07f23795419e926c88100d54a03a","namespace":"Appliance.Hub.Mts100.All","method":"GETACK","payloadVersion":1,"from":"/appliance/2011188094237526280848e1e93cbc32/publish","timestamp":1708671445,"timestampMs":312,"sign":"7a5c8c548b4f35802259d6ade9405d3f"},"payload":{"all":[{"id":"01008C11","scheduleBMode":6,"online":{"status":1,"lastActiveTime":1708671271},"togglex":{"onoff":1},"timeSync":{"state":1},"mode":{"state":1},"temperature":{"room":155,"currentSet":270,"custom":260,"comfort":270,"economy":200,"max":350,"min":50,"heating":1,"away":120,"openWindow":0}},{"id":"0100783A","scheduleBMode":6,"online":{"status":1,"lastActiveTime":1708671317},"togglex":{"onoff":1},"timeSync":{"state":1},"mode":{"state":1},"temperature":{"room":150,"currentSet":270,"custom":205,"comfort":270,"economy":200,"max":350,"min":50,"heating":1,"away":120,"openWindow":0}}]}},{"header":{"messageId":"bf79de6b13c84889b5db6ef4232f1c59","namespace":"Appliance.Hub.Mts100.ScheduleB","method":"GETACK","payloadVersion":1,"from":"/appliance/2011188094237526280848e1e93cbc32/publish","timestamp":1708671445,"timestampMs":354,"sign":"13d847e35f8fdeaf65ccdbc888227fcc"},"payload":{"schedule":[{"id":"01008C11","mon":[[15,180],[45,180],[300,230],[360,180],[360,240],[360,180]],"tue":[[15,180],[45,180],[300,230],[360,180],[360,240],[360,180]],"wed":[[15,105],[45,105],[300,230],[360,105],[360,240],[360,105]],"thu":[[15,180],[45,180],[300,230],[360,180],[360,240],[360,180]],"fri":[[15,180],[45,180],[300,230],[360,180],[360,240],[360,180]],"sat":[[15,180],[45,180],[300,230],[360,180],[360,240],[360,180]],"sun":[[15,180],[45,180],[300,230],[360,180],[360,240],[360,180]]},{"id":"0100783A","mon":[[15,100],[15,100],[15,100],[15,100],[300,100],[1080,100]],"tue":[[15,100],[15,100],[15,100],[15,100],[300,230],[1080,100]],"wed":[[15,100],[15,100],[15,100],[15,100],[300,230],[1080,100]],"thu":[[15,100],[15,100],[15,100],[15,100],[300,230],[1080,100]],"fri":[[15,100],[15,100],[15,100],[15,100],[300,230],[1080,100]],"sat":[[15,100],[15,100],[15,100],[15,100],[300,230],[1080,100]],"sun":[[15,100],[15,100],[15,100],[15,100],[300,230],[1080,100]]}]}}]}
2024/02/23 - 06:57:24		auto	LOG	debug	Appliance.Control.Multiple requests=5 (responses=5) expected size=3930 (actual=3733)
2024/02/23 - 06:57:24	TX	http	SET	Appliance.Control.Multiple	{"multiple":[{"header":{"messageId":"06754cbb0f6c4a1b88205801a63a3474","namespace":"Appliance.Hub.Mts100.Adjust","method":"GET","payloadVersion":1,"from":"/appliance/meross_lan/publish","timestamp":1708671444,"timestampMs":0,"sign":"fcff322c95b011e5c0f39cbde24fa394"},"payload":{"adjust":[]}},{"header":{"messageId":"3227d2c6edc74a8c8da14d11124ccdc7","namespace":"Appliance.System.DNDMode","method":"GET","payloadVersion":1,"from":"/appliance/meross_lan/publish","timestamp":1708671444,"timestampMs":0,"sign":"2388e0b47b0bf6ff2a57eb4f624ec202"},"payload":{"DNDMode":{}}},{"header":{"messageId":"d4384e235d04496186ff43c03c230a49","namespace":"Appliance.System.Runtime","method":"GET","payloadVersion":1,"from":"/appliance/meross_lan/publish","timestamp":1708671444,"timestampMs":0,"sign":"05b31d9dfb568390a9e202bc8d9dee75"},"payload":{"runtime":{}}},{"header":{"messageId":"f38d4b3176514b7bbd09105526757660","namespace":"Appliance.System.Debug","method":"GET","payloadVersion":1,"from":"/appliance/meross_lan/publish","timestamp":1708671444,"timestampMs":0,"sign":"41015cdbbcc7034f3de6bfcd2e75154d"},"payload":{"debug":{}}}]}
2024/02/23 - 06:57:25	RX	http	SETACK	Appliance.Control.Multiple	{"multiple":[{"header":{"messageId":"06754cbb0f6c4a1b88205801a63a3474","namespace":"Appliance.Hub.Mts100.Adjust","method":"GETACK","payloadVersion":1,"from":"/appliance/2011188094237526280848e1e93cbc32/publish","timestamp":1708671446,"timestampMs":525,"sign":"f8d4569f0ef51f00533228c93c03baf9"},"payload":{"adjust":[{"id":"01008C11","temperature":0},{"id":"0100783A","temperature":50}]}},{"header":{"messageId":"3227d2c6edc74a8c8da14d11124ccdc7","namespace":"Appliance.System.DNDMode","method":"GETACK","payloadVersion":1,"from":"/appliance/2011188094237526280848e1e93cbc32/publish","timestamp":1708671446,"timestampMs":526,"sign":"434b67ab98288917300f4ab606587121"},"payload":{"DNDMode":{"mode":0}}},{"header":{"messageId":"d4384e235d04496186ff43c03c230a49","namespace":"Appliance.System.Runtime","method":"GETACK","payloadVersion":1,"from":"/appliance/2011188094237526280848e1e93cbc32/publish","timestamp":1708671446,"timestampMs":566,"sign":"cb3fd38861724c8c9fe3c1ccbb5bc2ea"},"payload":{"runtime":{"signal":100}}},{"header":{"messageId":"f38d4b3176514b7bbd09105526757660","namespace":"Appliance.System.Debug","method":"GETACK","payloadVersion":1,"from":"/appliance/2011188094237526280848e1e93cbc32/publish","timestamp":1708671446,"timestampMs":568,"sign":"76d7b8c864be918f6180df797fdba720"},"payload":{"debug":{"system":{"version":"4.1.26","sysUpTime":"48h35m12s","localTimeOffset":3600,"localTime":"Fri Feb 23 07:57:26 2024","suncalc":"7:10;19:16"},"network":{"linkStatus":"connected","signal":100,"ssid":"12785586","gatewayMac":"2c:91:ab:d8:f7:69","innerIp":"192.168.1.156","wifiDisconnectCount":0},"cloud":{"activeServer":"192.168.1.7","mainServer":"192.168.1.7","mainPort":8883,"secondServer":"192.168.1.7","secondPort":8883,"userId":0,"sysConnectTime":"Thu Feb 22 18:22:09 2024","sysOnlineTime":"12h35m17s","sysDisconnectCount":4},"hub":{"channel":1,"subdevice":[{"id":"120027D21C19","ms100":{"hardware":"0200","firmware":"0207"}},{"id":"01008C11","mts100v3":{"hardware":"00000000","firmware":"00000000","online":1}},{"id":"0100783A","mts100v3":{"hardware":"00000000","firmware":"00000000","online":1}}]}}}}]}
2024/02/23 - 06:57:25		auto	LOG	debug	Appliance.Control.Multiple requests=4 (responses=4) expected size=3230 (actual=2411)
2024/02/23 - 06:57:25		auto	LOG	debug	Polling end
2024/02/23 - 06:57:25		auto	LOG	debug	Tracing Appliance.System.Debug ability
2024/02/23 - 06:57:25	TX	http	GET	Appliance.System.Debug	{"debug":{}}
2024/02/23 - 06:57:26	RX	http	GETACK	Appliance.System.Debug	{"debug":{"system":{"version":"4.1.26","sysUpTime":"48h35m13s","localTimeOffset":3600,"localTime":"Fri Feb 23 07:57:27 2024","suncalc":"7:10;19:16"},"network":{"linkStatus":"connected","signal":100,"ssid":"12785586","gatewayMac":"2c:91:ab:d8:f7:69","innerIp":"192.168.1.156","wifiDisconnectCount":0},"cloud":{"activeServer":"192.168.1.7","mainServer":"192.168.1.7","mainPort":8883,"secondServer":"192.168.1.7","secondPort":8883,"userId":0,"sysConnectTime":"Thu Feb 22 18:22:09 2024","sysOnlineTime":"12h35m18s","sysDisconnectCount":4},"hub":{"channel":1,"subdevice":[{"id":"120027D21C19","ms100":{"hardware":"0200","firmware":"0207"}},{"id":"01008C11","mts100v3":{"hardware":"00000000","firmware":"00000000","online":1}},{"id":"0100783A","mts100v3":{"hardware":"00000000","firmware":"00000000","online":1}}]}}}
2024/02/23 - 06:57:28		auto	LOG	debug	Tracing Appliance.System.Runtime ability
2024/02/23 - 06:57:28	TX	http	GET	Appliance.System.Runtime	{"runtime":{}}
2024/02/23 - 06:57:28	RX	http	GETACK	Appliance.System.Runtime	{"runtime":{"signal":100}}
2024/02/23 - 06:57:30		auto	LOG	debug	Tracing Appliance.Digest.Hub ability
2024/02/23 - 06:57:30	TX	http	GET	Appliance.Digest.Hub	{"hub":{}}
2024/02/23 - 06:57:30	RX	http	GETACK	Appliance.Digest.Hub	{"hub":{"hubId":-381895630,"mode":0,"subdevice":[{"id":"120027D21C19","status":1,"onoff":0,"lastActiveTime":1708671293,"ms100":{"latestTime":1708671293,"latestTemperature":152,"latestHumidity":710,"voltage":2538}},{"id":"01008C11","status":1,"scheduleBMode":6,"onoff":1,"lastActiveTime":1708671271,"mts100v3":{"mode":1}},{"id":"0100783A","status":1,"scheduleBMode":6,"onoff":1,"lastActiveTime":1708671317,"mts100v3":{"mode":1}}]}}
2024/02/23 - 06:57:32		auto	LOG	debug	Tracing Appliance.Hub.Online ability
2024/02/23 - 06:57:32	TX	http	GET	Appliance.Hub.Online	{"online":[]}
2024/02/23 - 06:57:32	RX	http	GETACK	Appliance.Hub.Online	{"online":[{"id":"120027D21C19","status":1,"lastActiveTime":1708671293},{"id":"01008C11","status":1,"lastActiveTime":1708671452},{"id":"0100783A","status":1,"lastActiveTime":1708671317}]}
2024/02/23 - 06:57:34		auto	LOG	debug	Tracing Appliance.Hub.ToggleX ability
2024/02/23 - 06:57:34	TX	http	GET	Appliance.Hub.ToggleX	{"togglex":[]}
2024/02/23 - 06:57:34	RX	http	GETACK	Appliance.Hub.ToggleX	{"togglex":[{"id":"120027D21C19","onoff":0},{"id":"01008C11","onoff":1},{"id":"0100783A","onoff":1}]}
2024/02/23 - 06:57:36		auto	LOG	debug	Tracing Appliance.Hub.Battery ability
2024/02/23 - 06:57:36	TX	http	GET	Appliance.Hub.Battery	{"battery":[]}
2024/02/23 - 06:57:36	RX	http	GETACK	Appliance.Hub.Battery	{"battery":[{"id":"120027D21C19","value":50},{"id":"01008C11","value":100},{"id":"0100783A","value":100}]}
2024/02/23 - 06:57:38		auto	LOG	debug	Tracing Appliance.Hub.Mts100.All ability
2024/02/23 - 06:57:38	TX	http	GET	Appliance.Hub.Mts100.All	{"all":[{"id":"01008C11"},{"id":"0100783A"}]}
2024/02/23 - 06:57:39	RX	http	GETACK	Appliance.Hub.Mts100.All	{"all":[{"id":"01008C11","scheduleBMode":6,"online":{"status":1,"lastActiveTime":1708671452},"togglex":{"onoff":1},"timeSync":{"state":1},"mode":{"state":1},"temperature":{"room":155,"currentSet":270,"custom":260,"comfort":270,"economy":200,"max":350,"min":50,"heating":1,"away":120,"openWindow":0}},{"id":"0100783A","scheduleBMode":6,"online":{"status":1,"lastActiveTime":1708671317},"togglex":{"onoff":1},"timeSync":{"state":1},"mode":{"state":1},"temperature":{"room":150,"currentSet":270,"custom":205,"comfort":270,"economy":200,"max":350,"min":50,"heating":1,"away":120,"openWindow":0}}]}
2024/02/23 - 06:57:41		auto	LOG	debug	Tracing Appliance.Hub.Mts100.TimeSync ability
2024/02/23 - 06:57:41	TX	http	GET	Appliance.Hub.Mts100.TimeSync	{"timeSync":[]}
2024/02/23 - 06:57:41	RX	http	GETACK	Appliance.Hub.Mts100.TimeSync	{"timeSync":[{"id":"01008C11","state":1},{"id":"0100783A","state":1}]}
2024/02/23 - 06:57:43		auto	LOG	debug	Tracing Appliance.Hub.Mts100.Mode ability
2024/02/23 - 06:57:43	TX	http	GET	Appliance.Hub.Mts100.Mode	{"mode":[]}
2024/02/23 - 06:57:43	RX	http	GETACK	Appliance.Hub.Mts100.Mode	{"mode":[{"id":"01008C11","state":1},{"id":"0100783A","state":1}]}
2024/02/23 - 06:57:45		auto	LOG	debug	Tracing Appliance.Hub.Mts100.Temperature ability
2024/02/23 - 06:57:45	TX	http	GET	Appliance.Hub.Mts100.Temperature	{"temperature":[]}
2024/02/23 - 06:57:45	RX	http	GETACK	Appliance.Hub.Mts100.Temperature	{"temperature":[{"id":"01008C11","room":155,"currentSet":270,"custom":260,"comfort":270,"economy":200,"max":350,"min":50,"heating":1,"away":120,"openWindow":0},{"id":"0100783A","room":150,"currentSet":270,"custom":205,"comfort":270,"economy":200,"max":350,"min":50,"heating":1,"away":120,"openWindow":0}]}
2024/02/23 - 06:57:47		auto	LOG	debug	Tracing Appliance.Hub.Mts100.Adjust ability
2024/02/23 - 06:57:47	TX	http	GET	Appliance.Hub.Mts100.Adjust	{"adjust":[]}
2024/02/23 - 06:57:47	RX	http	GETACK	Appliance.Hub.Mts100.Adjust	{"adjust":[{"id":"01008C11","temperature":0},{"id":"0100783A","temperature":50}]}
2024/02/23 - 06:57:50		auto	LOG	debug	Tracing Appliance.Hub.Mts100.Schedule ability
2024/02/23 - 06:57:50	TX	http	GET	Appliance.Hub.Mts100.Schedule	{"schedule":[]}
2024/02/23 - 06:57:50	RX	http	GETACK	Appliance.Hub.Mts100.Schedule	{"schedule":[]}
2024/02/23 - 06:57:50	TX	http	GET	Appliance.Hub.Mts100.Schedule	{"schedule":[{"channel":0}]}
2024/02/23 - 06:57:50	RX	http	ERROR	Appliance.Hub.Mts100.Schedule	{"error":{"code":5000}}
2024/02/23 - 06:57:50		auto	LOG	warning	Protocol error: namespace:Appliance.Hub.Mts100.Schedule payload:{'error': {'code': 5000}}
2024/02/23 - 06:57:52		auto	LOG	debug	Tracing Appliance.Hub.Mts100.ScheduleB ability
2024/02/23 - 06:57:52	TX	http	GET	Appliance.Hub.Mts100.ScheduleB	{"schedule":[{"id":"01008C11"},{"id":"0100783A"}]}
2024/02/23 - 06:57:52	RX	http	GETACK	Appliance.Hub.Mts100.ScheduleB	{"schedule":[{"id":"01008C11","mon":[[15,180],[45,180],[300,230],[360,180],[360,240],[360,180]],"tue":[[15,180],[45,180],[300,230],[360,180],[360,240],[360,180]],"wed":[[15,105],[45,105],[300,230],[360,105],[360,240],[360,105]],"thu":[[15,180],[45,180],[300,230],[360,180],[360,240],[360,180]],"fri":[[15,180],[45,180],[300,230],[360,180],[360,240],[360,180]],"sat":[[15,180],[45,180],[300,230],[360,180],[360,240],[360,180]],"sun":[[15,180],[45,180],[300,230],[360,180],[360,240],[360,180]]},{"id":"0100783A","mon":[[15,100],[15,100],[15,100],[15,100],[300,100],[1080,100]],"tue":[[15,100],[15,100],[15,100],[15,100],[300,230],[1080,100]],"wed":[[15,100],[15,100],[15,100],[15,100],[300,230],[1080,100]],"thu":[[15,100],[15,100],[15,100],[15,100],[300,230],[1080,100]],"fri":[[15,100],[15,100],[15,100],[15,100],[300,230],[1080,100]],"sat":[[15,100],[15,100],[15,100],[15,100],[300,230],[1080,100]],"sun":[[15,100],[15,100],[15,100],[15,100],[300,230],[1080,100]]}]}
2024/02/23 - 06:57:54		auto	LOG	debug	Tracing Appliance.Hub.Sensor.All ability
2024/02/23 - 06:57:54	TX	http	GET	Appliance.Hub.Sensor.All	{"all":[{"id":"120027D21C19"}]}
2024/02/23 - 06:57:54	RX	http	GETACK	Appliance.Hub.Sensor.All	{"all":[{"id":"120027D21C19","online":{"status":1,"lastActiveTime":1708671293},"temperature":{"latest":152,"latestSampleTime":1708671293,"max":500,"min":-100},"humidity":{"latest":710,"latestSampleTime":1708671293,"max":1000,"min":0}}]}
2024/02/23 - 06:57:55		auto	LOG	debug	Polling begin
2024/02/23 - 06:57:55	TX	http	SET	Appliance.Control.Multiple	{"multiple":[{"header":{"messageId":"a0f3b5555af2431997f237c63af343f6","namespace":"Appliance.System.All","method":"GET","payloadVersion":1,"from":"/appliance/meross_lan/publish","timestamp":1708671475,"timestampMs":0,"sign":"755172c47d3719cf6d2d2921dd3185d2"},"payload":{"all":{}}},{"header":{"messageId":"5a1aafd5f02d4d57a12401806f2160d6","namespace":"Appliance.Hub.Sensor.All","method":"GET","payloadVersion":1,"from":"/appliance/meross_lan/publish","timestamp":1708671475,"timestampMs":0,"sign":"144d561e4d99b1d74db7c5affa7dc922"},"payload":{"all":[{"id":"120027D21C19"}]}},{"header":{"messageId":"1ee5c80751ae4ddbbf717fa531ba4742","namespace":"Appliance.Hub.Mts100.All","method":"GET","payloadVersion":1,"from":"/appliance/meross_lan/publish","timestamp":1708671475,"timestampMs":0,"sign":"505d91db208702da38d9344306cfbb3e"},"payload":{"all":[{"id":"01008C11"},{"id":"0100783A"}]}},{"header":{"messageId":"5d0f88cfb47a48838f524f4262195de0","namespace":"Appliance.Hub.Mts100.ScheduleB","method":"GET","payloadVersion":1,"from":"/appliance/meross_lan/publish","timestamp":1708671475,"timestampMs":0,"sign":"eb479c22904e1bdf56828d9ca8d88b21"},"payload":{"schedule":[{"id":"01008C11"},{"id":"0100783A"}]}},{"header":{"messageId":"14e4eae594584f94ba2cd39664625921","namespace":"Appliance.System.DNDMode","method":"GET","payloadVersion":1,"from":"/appliance/meross_lan/publish","timestamp":1708671475,"timestampMs":0,"sign":"24bc7dd3fb0195bd52735723a9619973"},"payload":{"DNDMode":{}}}]}
2024/02/23 - 06:57:55		auto	LOG	debug	HTTP ERROR SET Appliance.Control.Multiple (messageId:9eed70191c58498f899ea04972f9d5f7 JSONDecodeError:Expecting ',' delimiter: line 1 column 4046 (char 4045) attempt:0)
2024/02/23 - 06:57:55		auto	LOG	debug	Updating device_response_size_min:3640 device_response_size_max:3640
2024/02/23 - 06:57:55	RX	http	SETACK	Appliance.Control.Multiple	{"multiple":[{"header":{"messageId":"a0f3b5555af2431997f237c63af343f6","namespace":"Appliance.System.All","method":"GETACK","payloadVersion":1,"from":"/appliance/2011188094237526280848e1e93cbc32/publish","timestamp":1708671476,"timestampMs":714,"sign":"67ec5a64636107750dd359a35fee5354"},"payload":{"all":{"system":{"hardware":{"type":"msh300","subType":"un","version":"4.0.0","chipType":"mt7686","uuid":"2011188094237526280848e1e93cbc32","macAddress":"48:e1:e9:3c:bc:32"},"firmware":{"version":"4.1.26","compileTime":"2020/11/07 16:29:31 GMT +08:00","wifiMac":"2c:91:ab:d8:f7:69","innerIp":"192.168.1.156","server":"192.168.1.7","port":8883,"userId":0},"time":{"timestamp":1708671476,"timezone":"CET","timeRule":[[1698534000,3600,0],[1711843200,7200,1]]},"online":{"status":1}},"digest":{"hub":{"hubId":-381895630,"mode":0,"subdevice":[{"id":"120027D21C19","status":1,"onoff":0,"lastActiveTime":1708671293,"ms100":{"latestTime":1708671293,"latestTemperature":152,"latestHumidity":710,"voltage":2538}},{"id":"01008C11","status":1,"scheduleBMode":6,"onoff":1,"lastActiveTime":1708671452,"mts100v3":{"mode":1}},{"id":"0100783A","status":1,"scheduleBMode":6,"onoff":1,"lastActiveTime":1708671317,"mts100v3":{"mode":1}}]}}}}},{"header":{"messageId":"5a1aafd5f02d4d57a12401806f2160d6","namespace":"Appliance.Hub.Sensor.All","method":"GETACK","payloadVersion":1,"from":"/appliance/2011188094237526280848e1e93cbc32/publish","timestamp":1708671476,"timestampMs":720,"sign":"1a2a59d5e8cdae48a8fd5717e84688aa"},"payload":{"all":[{"id":"120027D21C19","online":{"status":1,"lastActiveTime":1708671293},"temperature":{"latest":152,"latestSampleTime":1708671293,"max":500,"min":-100},"humidity":{"latest":710,"latestSampleTime":1708671293,"max":1000,"min":0}}]}},{"header":{"messageId":"1ee5c80751ae4ddbbf717fa531ba4742","namespace":"Appliance.Hub.Mts100.All","method":"GETACK","payloadVersion":1,"from":"/appliance/2011188094237526280848e1e93cbc32/publish","timestamp":1708671476,"timestampMs":761,"sign":"568813ea566406dc75784770e39e996b"},"payload":{"all":[{"id":"01008C11","scheduleBMode":6,"online":{"status":1,"lastActiveTime":1708671452},"togglex":{"onoff":1},"timeSync":{"state":1},"mode":{"state":1},"temperature":{"room":155,"currentSet":270,"custom":260,"comfort":270,"economy":200,"max":350,"min":50,"heating":1,"away":120,"openWindow":0}},{"id":"0100783A","scheduleBMode":6,"online":{"status":1,"lastActiveTime":1708671317},"togglex":{"onoff":1},"timeSync":{"state":1},"mode":{"state":1},"temperature":{"room":150,"currentSet":270,"custom":205,"comfort":270,"economy":200,"max":350,"min":50,"heating":1,"away":120,"openWindow":0}}]}}]}
2024/02/23 - 06:57:55		auto	LOG	debug	Appliance.Control.Multiple requests=5 (responses=3) expected size=4683 (actual=2926)
2024/02/23 - 06:57:55	TX	http	SET	Appliance.Control.Multiple	{"multiple":[{"header":{"messageId":"22643c16a71448fb82379d1db212cf40","namespace":"Appliance.Hub.Mts100.ScheduleB","method":"GET","payloadVersion":1,"from":"/appliance/meross_lan/publish","timestamp":1708671475,"timestampMs":0,"sign":"4bcd1ba0599c94ac3763f3b3f5a7c662"},"payload":{"schedule":[{"id":"01008C11"},{"id":"0100783A"}]}},{"header":{"messageId":"f8fe438093e34394bf8d50f1ba13de2b","namespace":"Appliance.System.DNDMode","method":"GET","payloadVersion":1,"from":"/appliance/meross_lan/publish","timestamp":1708671475,"timestampMs":0,"sign":"8124fd01b3122c52c781cc82ff681e30"},"payload":{"DNDMode":{}}}]}
2024/02/23 - 06:57:55	RX	http	SETACK	Appliance.Control.Multiple	{"multiple":[{"header":{"messageId":"22643c16a71448fb82379d1db212cf40","namespace":"Appliance.Hub.Mts100.ScheduleB","method":"GETACK","payloadVersion":1,"from":"/appliance/2011188094237526280848e1e93cbc32/publish","timestamp":1708671476,"timestampMs":25,"sign":"a401bd2e2a7870298a31fa0a6e02529d"},"payload":{"schedule":[{"id":"01008C11","mon":[[15,180],[45,180],[300,230],[360,180],[360,240],[360,180]],"tue":[[15,180],[45,180],[300,230],[360,180],[360,240],[360,180]],"wed":[[15,105],[45,105],[300,230],[360,105],[360,240],[360,105]],"thu":[[15,180],[45,180],[300,230],[360,180],[360,240],[360,180]],"fri":[[15,180],[45,180],[300,230],[360,180],[360,240],[360,180]],"sat":[[15,180],[45,180],[300,230],[360,180],[360,240],[360,180]],"sun":[[15,180],[45,180],[300,230],[360,180],[360,240],[360,180]]},{"id":"0100783A","mon":[[15,100],[15,100],[15,100],[15,100],[300,100],[1080,100]],"tue":[[15,100],[15,100],[15,100],[15,100],[300,230],[1080,100]],"wed":[[15,100],[15,100],[15,100],[15,100],[300,230],[1080,100]],"thu":[[15,100],[15,100],[15,100],[15,100],[300,230],[1080,100]],"fri":[[15,100],[15,100],[15,100],[15,100],[300,230],[1080,100]],"sat":[[15,100],[15,100],[15,100],[15,100],[300,230],[1080,100]],"sun":[[15,100],[15,100],[15,100],[15,100],[300,230],[1080,100]]}]}},{"header":{"messageId":"f8fe438093e34394bf8d50f1ba13de2b","namespace":"Appliance.System.DNDMode","method":"GETACK","payloadVersion":1,"from":"/appliance/2011188094237526280848e1e93cbc32/publish","timestamp":1708671476,"timestampMs":26,"sign":"43d2be4a2efcacceaca7bbe77ad664c0"},"payload":{"DNDMode":{"mode":0}}}]}
2024/02/23 - 06:57:55		auto	LOG	debug	Appliance.Control.Multiple requests=2 (responses=2) expected size=-1 (actual=1882)
2024/02/23 - 06:57:55	TX	http	GET	Appliance.System.Debug	{"debug":{}}
2024/02/23 - 06:57:56	RX	http	GETACK	Appliance.System.Debug	{"debug":{"system":{"version":"4.1.26","sysUpTime":"48h35m43s","localTimeOffset":3600,"localTime":"Fri Feb 23 07:57:56 2024","suncalc":"7:10;19:16"},"network":{"linkStatus":"connected","signal":100,"ssid":"12785586","gatewayMac":"2c:91:ab:d8:f7:69","innerIp":"192.168.1.156","wifiDisconnectCount":0},"cloud":{"activeServer":"192.168.1.7","mainServer":"192.168.1.7","mainPort":8883,"secondServer":"192.168.1.7","secondPort":8883,"userId":0,"sysConnectTime":"Thu Feb 22 18:22:09 2024","sysOnlineTime":"12h35m47s","sysDisconnectCount":4},"hub":{"channel":1,"subdevice":[{"id":"120027D21C19","ms100":{"hardware":"0200","firmware":"0207"}},{"id":"01008C11","mts100v3":{"hardware":"00000000","firmware":"00000000","online":1}},{"id":"0100783A","mts100v3":{"hardware":"00000000","firmware":"00000000","online":1}}]}}}
2024/02/23 - 06:57:56		auto	LOG	debug	Polling end
2024/02/23 - 06:57:56		auto	LOG	debug	Tracing Appliance.Hub.Sensor.Latest ability
2024/02/23 - 06:57:56	TX	http	GET	Appliance.Hub.Sensor.Latest	{"latest":[]}
2024/02/23 - 06:57:57	RX	http	GETACK	Appliance.Hub.Sensor.Latest	{"latest":[{"id":"120027D21C19","temperature":{"sample":152,"time":1708671293},"humidity":{"sample":710,"time":1708671293}}]}
2024/02/23 - 06:57:59		auto	LOG	debug	Tracing Appliance.Hub.Sensor.TempHum ability
2024/02/23 - 06:57:59	TX	http	GET	Appliance.Hub.Sensor.TempHum	{"tempHum":[]}
2024/02/23 - 06:57:59	RX	http	GETACK	Appliance.Hub.Sensor.TempHum	{"tempHum":[{"id":"120027D21C19","latestTemperature":152,"latestHumidity":710,"latestTime":1708671293,"sample":[[226,760,1626150605,1626150902],[226,740,1626150902,1626151796],[225,760,1626151796,1626152140],[226,740,1626152140,1626152661],[226,760,1626152661,1626153642],[227,740,1626153642,1626153886],[227,760,1626153886,1626154351],[227,740,1626154351,1626155372],[225,720,1626155372,1626155803],[226,740,1626155803,1626157291],[229,730,1626157291,1626159090],[232,720,1626159090,1626161791],[235,710,1626161791,1626162478],[235,730,1626162478,1626164202],[236,750,1626164202,1626166689],[237,770,1626166689,1626170786],[240,770,1626170786,1626173262],[243,750,1626173262,1626174886],[244,730,1626174886,1626177780],[245,710,1626177780,1626182705],[247,690,1626182705,1626185827],[248,670,1626185827,1626191445],[247,650,1626191445,1626193038],[246,670,1626193038,1626194010],[245,650,1626194010,1626195367],[241,650,1626195367,1626198637],[240,630,1626198637,1626201384],[237,620,1626201384,1626202070],[235,600,1626202070,1626202429],[233,620,1626202429,1626203015],[232,600,1626203015,1626205320],[229,600,1626205320,1626207450],[228,620,1626207450,1626208364],[230,640,1626208364,1626209005],[231,620,1626209005,1626211507],[234,620,1626211507,1626212516],[237,610,1626212516,1626217797],[234,620,1626217797,1626226676],[231,630,1626226676,1626242147],[229,610,1626242147,1626246773],[229,630,1626246773,1626250873],[231,610,1626250873,1626254042],[229,590,1626254042,1626256858],[230,610,1626256858,1626257563],[230,630,1626257563,1626258328],[230,650,1626258328,1626267219],[230,630,1626267219,1626271691],[232,610,1626271691,1626273940],[233,630,1626273940,1626274339],[233,640,1626274339,1626274734],[233,620,1626274734,1626280956],[235,600,1626280956,1626287187],[234,620,1626287187,1626287771],[234,620,1626287771,1626292751],[233,640,1626292751,1626295089],[236,630,1626295089,1626302081],[238,650,1626302081,1626306643],[235,670,1626306643,1626313788],[232,670,1626313788,1626329412],[232,650,1626329412,1626341018],[235,640,1626341018,1626349356],[237,620,1626349356,1626351559],[238,640,1626351559,1626353909],[238,660,1626353909,1626355338],[238,640,1626355338,1626357857],[239,660,1626357857,1626358718],[239,640,1626358718,1626359605],[240,660,1626359605,1626371938],[243,670,1626371938,1626377786],[240,680,1626377786,1626389271],[237,690,1626389271,1626394834],[234,680,1626394834,1626402758],[231,680,1626402758,1626423489],[232,660,1626423489,1626425171],[231,640,1626425171,1626428802],[232,620,1626428802,1626430652],[233,600,1626430652,1626432899],[234,620,1626432899,1626436647],[237,620,1626436647,1626444163],[239,640,1626444163,1626445784],[240,620,1626445784,1626450239],[241,600,1626450239,1626452006],[240,580,1626452006,1626453860],[240,600,1626453860,1626454131],[240,580,1626454131,1626455176],[239,600,1626455176,1626457316],[237,580,1626457316,1626458681],[237,600,1626458681,1626459950],[238,620,1626459950,1626461818],[239,630,1626461818,1626464613],[239,650,1626464613,1626467550],[237,670,1626467550,1626471814],[240,680,1626471814,1626473071],[243,680,1626473071,1626480654],[240,670,1626480654,1626488236],[237,660,1626488236,1626494509],[234,670,1626494509,1626504599],[237,660,1626504599,1626506961],[238,640,1626506961,1626509200],[238,620,1626509200,1626509807],[238,600,1626509807,1626510551]]}]}
2024/02/23 - 06:58:01		auto	LOG	debug	Tracing Appliance.Hub.Sensor.Adjust ability
2024/02/23 - 06:58:01	TX	http	GET	Appliance.Hub.Sensor.Adjust	{"adjust":[]}
2024/02/23 - 06:58:01	RX	http	GETACK	Appliance.Hub.Sensor.Adjust	{"adjust":[{"id":"120027D21C19","temperature":0,"humidity":0}]}
2024/02/23 - 06:58:03		auto	LOG	debug	Tracing Appliance.Hub.Sensor.Alert ability
2024/02/23 - 06:58:03	TX	http	GET	Appliance.Hub.Sensor.Alert	{"alert":[]}
2024/02/23 - 06:58:03	RX	http	GETACK	Appliance.Hub.Sensor.Alert	{"alert":[{"id":"120027D21C19","temperature":[[0,-100,100],[0,100,300],[0,300,500]],"humidity":[[0,0,300],[0,300,600],[0,600,1000]]}]}
2024/02/23 - 06:58:05		auto	LOG	debug	Tracing abilities end
