2024/06/22 - 07:44:08		auto	GETACK	Appliance.System.All	{"system":{"hardware":{"type":"mts960","subType":"eu","version":"4.0.0","chipType":"MT7686","uuid":"###############################0","macAddress":"################0"},"firmware":{"version":"4.2.6","homekitVersion":"2.0.1","compileTime":"Oct 10 2023 09:34:37","encrypt":1,"wifiMac":"################0","innerIp":"#############0","server":"###################0","port":"@0","userId":"@0"},"time":{"timestamp":1719042144,"timezone":"Europe/Paris","timeRule":[[1711846800,7200,1],[1729990800,3600,0],[1743296400,7200,1],[1761440400,3600,0],[1774746000,7200,1],[1792890000,3600,0],[1806195600,7200,1],[1824944400,3600,0],[1837645200,7200,1],[1856394000,3600,0],[1869094800,7200,1],[1887843600,3600,0],[1901149200,7200,1],[1919293200,3600,0],[1932598800,7200,1],[1950742800,3600,0],[1964048400,7200,1],[1982797200,3600,0],[1995498000,7200,1],[2014246800,3600,0]]},"online":{"status":1,"bindId":"Vmn8Y5EgNHiPzArt","who":1}},"digest":{"thermostat":{"modeB":[{"channel":0,"mode":1,"targetTemp":2600,"working":2,"currentTemp":1945,"state":2,"onoff":1,"sensorStatus":1}]}}}
2024/06/22 - 07:44:08		auto	GETACK	Appliance.System.Ability	{"Appliance.Config.Key":{},"Appliance.Config.WifiList":{},"Appliance.Config.Wifi":{},"Appliance.Config.WifiX":{},"Appliance.Config.Trace":{},"Appliance.Config.Info":{},"Appliance.System.All":{},"Appliance.System.Hardware":{},"Appliance.System.Firmware":{},"Appliance.System.Debug":{},"Appliance.System.Online":{},"Appliance.System.Time":{},"Appliance.System.Clock":{},"Appliance.System.Ability":{},"Appliance.System.Runtime":{},"Appliance.System.Report":{},"Appliance.System.Position":{},"Appliance.System.Factory":{},"Appliance.Control.Multiple":{"maxCmdNum":3},"Appliance.Control.Bind":{},"Appliance.Control.Unbind":{},"Appliance.Control.Upgrade":{},"Appliance.Control.Thermostat.ModeB":{},"Appliance.Control.Thermostat.ScheduleB":{},"Appliance.Control.Thermostat.CtlRange":{},"Appliance.Control.TempUnit":{},"Appliance.Control.Thermostat.Alarm":{},"Appliance.Control.Thermostat.AlarmConfig":{},"Appliance.Control.Thermostat.CompressorDelay":{},"Appliance.Control.PhysicalLock":{},"Appliance.Control.Thermostat.Frost":{},"Appliance.Control.Thermostat.Calibration":{},"Appliance.Control.Thermostat.DeadZone":{},"Appliance.Control.ConsumptionX":{},"Appliance.Control.Electricity":{},"Appliance.Control.ConsumptionConfig":{},"Appliance.Control.Sensor.History":{},"Appliance.Control.Thermostat.Timer":{}}
2024/06/22 - 07:44:08		auto	LOG	debug	platform_setup_entry { platform: update }
2024/06/22 - 07:44:08		auto	LOG	debug	platform_setup_entry { platform: sensor }
2024/06/22 - 07:44:08		auto	LOG	verbose	MLTemperatureSensor(0_temperature): Added to HomeAssistant
2024/06/22 - 07:44:08		auto	LOG	verbose	MLModeStateSensor(0_Mode State): Added to HomeAssistant
2024/06/22 - 07:44:08		auto	LOG	verbose	MLNumericSensor(power): Added to HomeAssistant
2024/06/22 - 07:44:08		auto	LOG	verbose	MLNumericSensor(current): Added to HomeAssistant
2024/06/22 - 07:44:08		auto	LOG	verbose	MLNumericSensor(voltage): Added to HomeAssistant
2024/06/22 - 07:44:08		auto	LOG	verbose	ConsumptionXSensor(energy): Added to HomeAssistant
2024/06/22 - 07:44:08		auto	LOG	debug	platform_setup_entry { platform: climate }
2024/06/22 - 07:44:08		auto	LOG	verbose	Mts960Climate(0): Added to HomeAssistant
2024/06/22 - 07:44:08		auto	LOG	debug	platform_setup_entry { platform: number }
2024/06/22 - 07:44:08		auto	LOG	verbose	MtsCalibrationNumber(0_calibration): Added to HomeAssistant
2024/06/22 - 07:44:08		auto	LOG	verbose	MtsDeadZoneNumber(0_deadZone): Added to HomeAssistant
2024/06/22 - 07:44:08		auto	LOG	verbose	MtsFrostNumber(0_frost): Added to HomeAssistant
2024/06/22 - 07:44:08		auto	LOG	debug	platform_setup_entry { platform: switch }
2024/06/22 - 07:44:08		auto	LOG	verbose	PhysicalLockSwitch(0_lock): Added to HomeAssistant
2024/06/22 - 07:44:08		auto	LOG	debug	platform_setup_entry { platform: calendar }
2024/06/22 - 07:44:08		auto	LOG	verbose	Mts960Schedule(0_scheduleB): Added to HomeAssistant
2024/06/22 - 07:44:08		auto	LOG	debug	platform_setup_entry { platform: select }
2024/06/22 - 07:44:08		auto	LOG	debug	platform_setup_entry { platform: binary_sensor }
2024/06/22 - 07:44:08		auto	LOG	verbose	MLOutputPowerState(0_output power state): Added to HomeAssistant
2024/06/22 - 07:44:08		auto	LOG	verbose	MLSignalStrengthSensor(signal_strength): Added to HomeAssistant
2024/06/22 - 07:44:08		auto	LOG	verbose	MtsTrackedSensor(0_tracked_sensor): Added to HomeAssistant
2024/06/22 - 07:44:08		auto	LOG	debug	linked to profile:@0
2024/06/22 - 07:44:08		auto	LOG	debug	mqtt_attached to ###################0:@0
2024/06/22 - 07:44:08		auto	LOG	debug	mqtt_connected to ###################0:@0
2024/06/22 - 07:44:08		auto	LOG	debug	Polling begin
2024/06/22 - 07:44:08	TX	http	GET	Appliance.System.All	{"all":{}}
2024/06/22 - 07:44:08		auto	LOG	verbose	TX(http) GET Appliance.System.All (messageId:edf0726c00b048a9925a63aa0b408f87) {"header":{"messageId":"edf0726c00b048a9925a63aa0b408f87","namespace":"Appliance.System.All","method":"GET","payloadVersion":1,"from":"/app/3917048-eb40234d5ec8db162c08447c0dc7d772/subscribe","timestamp":1719042248,"timestampMs":0,"sign":"450212e4a9c12b6c80af83eb86296895"},"payload":{"all":{}}}
2024/06/22 - 07:44:08	RX	http	GETACK	Appliance.System.All	{"all":{"system":{"hardware":{"type":"mts960","subType":"eu","version":"4.0.0","chipType":"MT7686","uuid":"###############################0","macAddress":"################0"},"firmware":{"version":"4.2.6","homekitVersion":"2.0.1","compileTime":"Oct 10 2023 09:34:37","encrypt":1,"wifiMac":"################0","innerIp":"#############0","server":"###################0","port":"@0","userId":"@0"},"time":{"timestamp":1719042249,"timezone":"Europe/Paris","timeRule":[[1711846800,7200,1],[1729990800,3600,0],[1743296400,7200,1],[1761440400,3600,0],[1774746000,7200,1],[1792890000,3600,0],[1806195600,7200,1],[1824944400,3600,0],[1837645200,7200,1],[1856394000,3600,0],[1869094800,7200,1],[1887843600,3600,0],[1901149200,7200,1],[1919293200,3600,0],[1932598800,7200,1],[1950742800,3600,0],[1964048400,7200,1],[1982797200,3600,0],[1995498000,7200,1],[2014246800,3600,0]]},"online":{"status":1,"bindId":"Vmn8Y5EgNHiPzArt","who":1}},"digest":{"thermostat":{"modeB":[{"channel":0,"mode":1,"targetTemp":2600,"working":2,"currentTemp":1949,"state":2,"onoff":1,"sensorStatus":1}]}}}}
2024/06/22 - 07:44:08		auto	LOG	verbose	RX(http) GETACK Appliance.System.All (messageId:edf0726c00b048a9925a63aa0b408f87) {"header":{"messageId":"edf0726c00b048a9925a63aa0b408f87","namespace":"Appliance.System.All","method":"GETACK","payloadVersion":1,"from":"/appliance/###############################0/publish","timestamp":1719042249,"timestampMs":103,"sign":"5362946ec1cb15458c0a9c7d66975ea7"},"payload":{"all":{"system":{"hardware":{"type":"mts960","subType":"eu","version":"4.0.0","chipType":"MT7686","uuid":"###############################0","macAddress":"################0"},"firmware":{"version":"4.2.6","homekitVersion":"2.0.1","compileTime":"Oct 10 2023 09:34:37","encrypt":1,"wifiMac":"################0","innerIp":"#############0","server":"###################0","port":"@0","userId":"@0"},"time":{"timestamp":1719042249,"timezone":"Europe/Paris","timeRule":[[1711846800,7200,1],[1729990800,3600,0],[1743296400,7200,1],[1761440400,3600,0],[1774746000,7200,1],[1792890000,3600,0],[1806195600,7200,1],[1824944400,3600,0],[1837645200,7200,1],[1856394000,3600,0],[1869094800,7200,1],[1887843600,3600,0],[1901149200,7200,1],[1919293200,3600,0],[1932598800,7200,1],[1950742800,3600,0],[1964048400,7200,1],[1982797200,3600,0],[1995498000,7200,1],[2014246800,3600,0]]},"online":{"status":1,"bindId":"Vmn8Y5EgNHiPzArt","who":1}},"digest":{"thermostat":{"modeB":[{"channel":0,"mode":1,"targetTemp":2600,"working":2,"currentTemp":1949,"state":2,"onoff":1,"sensorStatus":1}]}}}}}
2024/06/22 - 07:44:08		auto	LOG	debug	Switching protocol to http
2024/06/22 - 07:44:08		auto	LOG	debug	Back online!
2024/06/22 - 07:44:08	TX	http	GET	Appliance.System.Debug	{"debug":{}}
2024/06/22 - 07:44:08		auto	LOG	verbose	TX(http) GET Appliance.System.Debug (messageId:f6cc824ea52c4770bc2dc35369ec0c0e) {"header":{"messageId":"f6cc824ea52c4770bc2dc35369ec0c0e","namespace":"Appliance.System.Debug","method":"GET","payloadVersion":1,"from":"/app/3917048-eb40234d5ec8db162c08447c0dc7d772/subscribe","timestamp":1719042248,"timestampMs":0,"sign":"78bb453fb80719e9cf9116b19951c621"},"payload":{"debug":{}}}
2024/06/22 - 07:44:08	TX	http	SET	Appliance.Control.Multiple	{"multiple":[{"header":{"messageId":"d3242c5c3fd648858d50af7dcd2a8fa2","method":"GET","namespace":"Appliance.Control.Thermostat.Calibration"},"payload":{"calibration":[{"channel":0}]}},{"header":{"messageId":"ba1a20b2e7f94ed7a148f233f2a3d0fd","method":"GET","namespace":"Appliance.Control.Thermostat.ScheduleB"},"payload":{"scheduleB":[{"channel":0}]}},{"header":{"messageId":"6061b16ee9c64827affdb4d6ea2e3d9c","method":"GET","namespace":"Appliance.Control.Thermostat.Timer"},"payload":{"timer":[{"channel":0}]}}]}
2024/06/22 - 07:44:08		auto	LOG	verbose	TX(http) SET Appliance.Control.Multiple (messageId:d11713703bfa41d690af23bca97a7bea) {"header":{"messageId":"d11713703bfa41d690af23bca97a7bea","namespace":"Appliance.Control.Multiple","method":"SET","payloadVersion":1,"from":"/app/3917048-eb40234d5ec8db162c08447c0dc7d772/subscribe","timestamp":1719042248,"timestampMs":0,"sign":"15c664f3bd8d65053f4e14576b452635"},"payload":{"multiple":[{"header":{"messageId":"d3242c5c3fd648858d50af7dcd2a8fa2","method":"GET","namespace":"Appliance.Control.Thermostat.Calibration"},"payload":{"calibration":[{"channel":0}]}},{"header":{"messageId":"ba1a20b2e7f94ed7a148f233f2a3d0fd","method":"GET","namespace":"Appliance.Control.Thermostat.ScheduleB"},"payload":{"scheduleB":[{"channel":0}]}},{"header":{"messageId":"6061b16ee9c64827affdb4d6ea2e3d9c","method":"GET","namespace":"Appliance.Control.Thermostat.Timer"},"payload":{"timer":[{"channel":0}]}}]}}
2024/06/22 - 07:44:08	RX	http	GETACK	Appliance.System.Debug	{"debug":{"system":{"version":"4.2.6","sysUpTime":"46h11m48s","UTC":1719042249,"localTimeOffset":7200,"localTime":"Sat Jun 22 09:44:09 2024","suncalc":"5:51;21:57"},"network":{"linkStatus":"connected","signal":24,"ssid":"#######0","gatewayMac":"################0","innerIp":"#############0","wifiDisconnectCount":1,"wifiDisconnectDetail":{"totalCount":1,"detials":[{"sysUptime":79942,"timestamp":1718954352}]}},"cloud":{"activeServer":"###################0","mainServer":"###################0","mainPort":"@0","secondServer":"###################0","secondPort":"@0","userId":"@0","sysConnectTime":"Fri Jun 21 07:19:30 2024","sysOnlineTime":"24h24m39s","sysDisconnectCount":1,"iotDisconnectDetail":{"totalCount":1,"detials":[{"sysUptime":79942,"timestamp":1718954352}]}}}}
2024/06/22 - 07:44:08		auto	LOG	verbose	RX(http) GETACK Appliance.System.Debug (messageId:f6cc824ea52c4770bc2dc35369ec0c0e) {"header":{"messageId":"f6cc824ea52c4770bc2dc35369ec0c0e","namespace":"Appliance.System.Debug","method":"GETACK","payloadVersion":1,"from":"/appliance/###############################0/publish","timestamp":1719042249,"timestampMs":153,"sign":"ffdfef5c62e025665b287e2e562cd4e8"},"payload":{"debug":{"system":{"version":"4.2.6","sysUpTime":"46h11m48s","UTC":1719042249,"localTimeOffset":7200,"localTime":"Sat Jun 22 09:44:09 2024","suncalc":"5:51;21:57"},"network":{"linkStatus":"connected","signal":24,"ssid":"#######0","gatewayMac":"################0","innerIp":"#############0","wifiDisconnectCount":1,"wifiDisconnectDetail":{"totalCount":1,"detials":[{"sysUptime":79942,"timestamp":1718954352}]}},"cloud":{"activeServer":"###################0","mainServer":"###################0","mainPort":"@0","secondServer":"###################0","secondPort":"@0","userId":"@0","sysConnectTime":"Fri Jun 21 07:19:30 2024","sysOnlineTime":"24h24m39s","sysDisconnectCount":1,"iotDisconnectDetail":{"totalCount":1,"detials":[{"sysUptime":79942,"timestamp":1718954352}]}}}}}
2024/06/22 - 07:44:08	RX	http	SETACK	Appliance.Control.Multiple	{"multiple":[{"header":{"messageId":"d3242c5c3fd648858d50af7dcd2a8fa2","namespace":"Appliance.Control.Thermostat.Calibration","method":"GETACK","payloadVersion":1,"from":"/appliance/###############################0/publish","timestamp":1719042249,"timestampMs":197,"sign":"3b3d02a6caaefdcf569f11ee774544c2"},"payload":{"calibration":[{"channel":0,"value":-280,"min":-2000,"max":2000}]}},{"header":{"messageId":"ba1a20b2e7f94ed7a148f233f2a3d0fd","namespace":"Appliance.Control.Thermostat.ScheduleB","method":"GETACK","payloadVersion":1,"from":"/appliance/###############################0/publish","timestamp":1719042249,"timestampMs":199,"sign":"555442ac7919bdbe9f1999101ab2caee"},"payload":{"scheduleB":[{"channel":0,"section":12,"sun":[[1440,1900]],"mon":[[1440,100]],"tue":[[1440,2800]],"wed":[[1440,100]],"thu":[[1440,100]],"fri":[[15,100],[1425,2000]],"sat":[[1440,100]]}]}},{"header":{"messageId":"6061b16ee9c64827affdb4d6ea2e3d9c","namespace":"Appliance.Control.Thermostat.Timer","method":"GETACK","payloadVersion":1,"from":"/appliance/###############################0/publish","timestamp":1719042249,"timestampMs":200,"sign":"f0daa16e1bb7fba5585da598e532d4c8"},"payload":{"timer":[]}}]}
2024/06/22 - 07:44:08		auto	LOG	verbose	RX(http) SETACK Appliance.Control.Multiple (messageId:d11713703bfa41d690af23bca97a7bea) {"header":{"messageId":"d11713703bfa41d690af23bca97a7bea","namespace":"Appliance.Control.Multiple","method":"SETACK","payloadVersion":1,"from":"/appliance/###############################0/publish","timestamp":1719042249,"timestampMs":196,"sign":"88cd978b49ae4077bc30ee0d2acfdaf0"},"payload":{"multiple":[{"header":{"messageId":"d3242c5c3fd648858d50af7dcd2a8fa2","namespace":"Appliance.Control.Thermostat.Calibration","method":"GETACK","payloadVersion":1,"from":"/appliance/###############################0/publish","timestamp":1719042249,"timestampMs":197,"sign":"3b3d02a6caaefdcf569f11ee774544c2"},"payload":{"calibration":[{"channel":0,"value":-280,"min":-2000,"max":2000}]}},{"header":{"messageId":"ba1a20b2e7f94ed7a148f233f2a3d0fd","namespace":"Appliance.Control.Thermostat.ScheduleB","method":"GETACK","payloadVersion":1,"from":"/appliance/###############################0/publish","timestamp":1719042249,"timestampMs":199,"sign":"555442ac7919bdbe9f1999101ab2caee"},"payload":{"scheduleB":[{"channel":0,"section":12,"sun":[[1440,1900]],"mon":[[1440,100]],"tue":[[1440,2800]],"wed":[[1440,100]],"thu":[[1440,100]],"fri":[[15,100],[1425,2000]],"sat":[[1440,100]]}]}},{"header":{"messageId":"6061b16ee9c64827affdb4d6ea2e3d9c","namespace":"Appliance.Control.Thermostat.Timer","method":"GETACK","payloadVersion":1,"from":"/appliance/###############################0/publish","timestamp":1719042249,"timestampMs":200,"sign":"f0daa16e1bb7fba5585da598e532d4c8"},"payload":{"timer":[]}}]}}
2024/06/22 - 07:44:08		auto	LOG	debug	Appliance.Control.Multiple requests=3 (responses=3) expected size=2380 (actual=1486)
2024/06/22 - 07:44:08	TX	http	SET	Appliance.Control.Multiple	{"multiple":[{"header":{"messageId":"9821647db83b41b79d8ca34eb830adec","method":"GET","namespace":"Appliance.Control.Thermostat.CtlRange"},"payload":{"ctlRange":[{"channel":0}]}},{"header":{"messageId":"2850bc6c50874bb2b661f1f6735828bf","method":"GET","namespace":"Appliance.Control.Thermostat.DeadZone"},"payload":{"deadZone":[{"channel":0}]}},{"header":{"messageId":"53fe1b240bba4b20aeb291d5d7f4d313","method":"GET","namespace":"Appliance.Control.Thermostat.Frost"},"payload":{"frost":[{"channel":0}]}}]}
2024/06/22 - 07:44:08		auto	LOG	verbose	TX(http) SET Appliance.Control.Multiple (messageId:526ad2c0e5014efa9064c8efe22d21e0) {"header":{"messageId":"526ad2c0e5014efa9064c8efe22d21e0","namespace":"Appliance.Control.Multiple","method":"SET","payloadVersion":1,"from":"/app/3917048-eb40234d5ec8db162c08447c0dc7d772/subscribe","timestamp":1719042248,"timestampMs":0,"sign":"bb9b8184499a692ed56b7c58fd800c93"},"payload":{"multiple":[{"header":{"messageId":"9821647db83b41b79d8ca34eb830adec","method":"GET","namespace":"Appliance.Control.Thermostat.CtlRange"},"payload":{"ctlRange":[{"channel":0}]}},{"header":{"messageId":"2850bc6c50874bb2b661f1f6735828bf","method":"GET","namespace":"Appliance.Control.Thermostat.DeadZone"},"payload":{"deadZone":[{"channel":0}]}},{"header":{"messageId":"53fe1b240bba4b20aeb291d5d7f4d313","method":"GET","namespace":"Appliance.Control.Thermostat.Frost"},"payload":{"frost":[{"channel":0}]}}]}}
2024/06/22 - 07:44:08	RX	http	SETACK	Appliance.Control.Multiple	{"multiple":[{"header":{"messageId":"9821647db83b41b79d8ca34eb830adec","namespace":"Appliance.Control.Thermostat.CtlRange","method":"GETACK","payloadVersion":1,"from":"/appliance/###############################0/publish","timestamp":1719042249,"timestampMs":239,"sign":"dd2d12317d2ba4cc87ed774475bec643"},"payload":{"ctlRange":[{"channel":0,"max":11000,"min":-3000,"ctlMax":5000,"ctlMin":0}]}},{"header":{"messageId":"2850bc6c50874bb2b661f1f6735828bf","namespace":"Appliance.Control.Thermostat.DeadZone","method":"GETACK","payloadVersion":1,"from":"/appliance/###############################0/publish","timestamp":1719042249,"timestampMs":241,"sign":"a30f7aeb503f3e503604f71acae16108"},"payload":{"deadZone":[{"channel":0,"value":300,"min":50,"max":2000}]}},{"header":{"messageId":"53fe1b240bba4b20aeb291d5d7f4d313","namespace":"Appliance.Control.Thermostat.Frost","method":"GETACK","payloadVersion":1,"from":"/appliance/###############################0/publish","timestamp":1719042249,"timestampMs":242,"sign":"06cb6f58dc0cfdfbfe54ce6ba94b4d8e"},"payload":{"frost":[{"channel":0,"onoff":0,"value":700,"min":500,"max":1500,"warning":0}]}}]}
2024/06/22 - 07:44:08		auto	LOG	verbose	RX(http) SETACK Appliance.Control.Multiple (messageId:526ad2c0e5014efa9064c8efe22d21e0) {"header":{"messageId":"526ad2c0e5014efa9064c8efe22d21e0","namespace":"Appliance.Control.Multiple","method":"SETACK","payloadVersion":1,"from":"/appliance/###############################0/publish","timestamp":1719042249,"timestampMs":238,"sign":"41b699e9633b5ee060d0b296ebcad337"},"payload":{"multiple":[{"header":{"messageId":"9821647db83b41b79d8ca34eb830adec","namespace":"Appliance.Control.Thermostat.CtlRange","method":"GETACK","payloadVersion":1,"from":"/appliance/###############################0/publish","timestamp":1719042249,"timestampMs":239,"sign":"dd2d12317d2ba4cc87ed774475bec643"},"payload":{"ctlRange":[{"channel":0,"max":11000,"min":-3000,"ctlMax":5000,"ctlMin":0}]}},{"header":{"messageId":"2850bc6c50874bb2b661f1f6735828bf","namespace":"Appliance.Control.Thermostat.DeadZone","method":"GETACK","payloadVersion":1,"from":"/appliance/###############################0/publish","timestamp":1719042249,"timestampMs":241,"sign":"a30f7aeb503f3e503604f71acae16108"},"payload":{"deadZone":[{"channel":0,"value":300,"min":50,"max":2000}]}},{"header":{"messageId":"53fe1b240bba4b20aeb291d5d7f4d313","namespace":"Appliance.Control.Thermostat.Frost","method":"GETACK","payloadVersion":1,"from":"/appliance/###############################0/publish","timestamp":1719042249,"timestampMs":242,"sign":"06cb6f58dc0cfdfbfe54ce6ba94b4d8e"},"payload":{"frost":[{"channel":0,"onoff":0,"value":700,"min":500,"max":1500,"warning":0}]}}]}}
2024/06/22 - 07:44:08		auto	LOG	debug	Appliance.Control.Multiple requests=3 (responses=3) expected size=1440 (actual=1433)
2024/06/22 - 07:44:08		auto	LOG	debug	MtsConfigSwitch(0_frost_switch): init
2024/06/22 - 07:44:08		auto	LOG	verbose	MtsConfigSwitch(0_frost_switch): Added to HomeAssistant
2024/06/22 - 07:44:08		auto	LOG	debug	MLEnumSensor(0_frost_warning): init
2024/06/22 - 07:44:08		auto	LOG	verbose	MLEnumSensor(0_frost_warning): Added to HomeAssistant
2024/06/22 - 07:44:08	TX	http	SET	Appliance.Control.Multiple	{"multiple":[{"header":{"messageId":"420dd4f7f8764fd4a6d6dce0742f0e86","method":"GET","namespace":"Appliance.Control.Electricity"},"payload":{"electricity":{}}},{"header":{"messageId":"a7a612b792444136a158867e152388c6","method":"GET","namespace":"Appliance.Control.ConsumptionX"},"payload":{"consumptionx":[]}},{"header":{"messageId":"4d28bd43a05e436fabb26a45d9bb6c7b","method":"PUSH","namespace":"Appliance.Control.PhysicalLock"},"payload":{}}]}
2024/06/22 - 07:44:08		auto	LOG	verbose	TX(http) SET Appliance.Control.Multiple (messageId:e6ba091bc6264a12a64c1163cc21517b) {"header":{"messageId":"e6ba091bc6264a12a64c1163cc21517b","namespace":"Appliance.Control.Multiple","method":"SET","payloadVersion":1,"from":"/app/3917048-eb40234d5ec8db162c08447c0dc7d772/subscribe","timestamp":1719042248,"timestampMs":0,"sign":"c7f7f570c050f65e2f7d59500cd4ddd7"},"payload":{"multiple":[{"header":{"messageId":"420dd4f7f8764fd4a6d6dce0742f0e86","method":"GET","namespace":"Appliance.Control.Electricity"},"payload":{"electricity":{}}},{"header":{"messageId":"a7a612b792444136a158867e152388c6","method":"GET","namespace":"Appliance.Control.ConsumptionX"},"payload":{"consumptionx":[]}},{"header":{"messageId":"4d28bd43a05e436fabb26a45d9bb6c7b","method":"PUSH","namespace":"Appliance.Control.PhysicalLock"},"payload":{}}]}}
2024/06/22 - 07:44:09	RX	http	SETACK	Appliance.Control.Multiple	{"multiple":[{"header":{"messageId":"420dd4f7f8764fd4a6d6dce0742f0e86","namespace":"Appliance.Control.Electricity","method":"GETACK","payloadVersion":1,"from":"/appliance/###############################0/publish","timestamp":1719042249,"timestampMs":286,"sign":"4bd7bb89efe5aa23516b9bafdfce2ada"},"payload":{"electricity":{"channel":0,"current":0,"voltage":2356,"power":0,"config":{"voltageRatio":187,"electricityRatio":102}}}},{"header":{"messageId":"a7a612b792444136a158867e152388c6","namespace":"Appliance.Control.ConsumptionX","method":"GETACK","payloadVersion":1,"from":"/appliance/###############################0/publish","timestamp":1719042249,"timestampMs":288,"sign":"4e091384b404320c87ace02870289f52"},"payload":{"consumptionx":[{"date":"2024-06-07","time":1717797487,"value":10},{"date":"2024-06-08","time":1717883883,"value":10},{"date":"2024-06-09","time":1717970284,"value":7},{"date":"2024-06-10","time":1718056681,"value":0},{"date":"2024-06-11","time":1718143082,"value":0},{"date":"2024-06-12","time":1718229487,"value":0},{"date":"2024-06-13","time":1718315885,"value":0},{"date":"2024-06-14","time":1718402282,"value":0},{"date":"2024-06-15","time":1718488683,"value":0},{"date":"2024-06-16","time":1718575080,"value":35},{"date":"2024-06-17","time":1718661486,"value":0},{"date":"2024-06-18","time":1718747881,"value":4},{"date":"2024-06-19","time":1718834286,"value":6},{"date":"2024-06-20","time":1718920680,"value":11},{"date":"2024-06-21","time":1719007086,"value":3},{"date":"2024-06-22","time":1719042243,"value":0}]}},{"header":{"messageId":"3df3ef3c0f3714ccf84b22bd2b5d8e90","namespace":"Appliance.Control.PhysicalLock","method":"PUSH","payloadVersion":1,"from":"/appliance/###############################0/publish","timestamp":1719042249,"timestampMs":295,"sign":"0de0d347ca62f6bcc9e7e8011a945726"},"payload":{"lock":[{"channel":0,"onoff":0}]}}]}
2024/06/22 - 07:44:09		auto	LOG	verbose	RX(http) SETACK Appliance.Control.Multiple (messageId:e6ba091bc6264a12a64c1163cc21517b) {"header":{"messageId":"e6ba091bc6264a12a64c1163cc21517b","namespace":"Appliance.Control.Multiple","method":"SETACK","payloadVersion":1,"from":"/appliance/###############################0/publish","timestamp":1719042249,"timestampMs":285,"sign":"264e9c6de824061bf19a5a8d005240d8"},"payload":{"multiple":[{"header":{"messageId":"420dd4f7f8764fd4a6d6dce0742f0e86","namespace":"Appliance.Control.Electricity","method":"GETACK","payloadVersion":1,"from":"/appliance/###############################0/publish","timestamp":1719042249,"timestampMs":286,"sign":"4bd7bb89efe5aa23516b9bafdfce2ada"},"payload":{"electricity":{"channel":0,"current":0,"voltage":2356,"power":0,"config":{"voltageRatio":187,"electricityRatio":102}}}},{"header":{"messageId":"a7a612b792444136a158867e152388c6","namespace":"Appliance.Control.ConsumptionX","method":"GETACK","payloadVersion":1,"from":"/appliance/###############################0/publish","timestamp":1719042249,"timestampMs":288,"sign":"4e091384b404320c87ace02870289f52"},"payload":{"consumptionx":[{"date":"2024-06-07","time":1717797487,"value":10},{"date":"2024-06-08","time":1717883883,"value":10},{"date":"2024-06-09","time":1717970284,"value":7},{"date":"2024-06-10","time":1718056681,"value":0},{"date":"2024-06-11","time":1718143082,"value":0},{"date":"2024-06-12","time":1718229487,"value":0},{"date":"2024-06-13","time":1718315885,"value":0},{"date":"2024-06-14","time":1718402282,"value":0},{"date":"2024-06-15","time":1718488683,"value":0},{"date":"2024-06-16","time":1718575080,"value":35},{"date":"2024-06-17","time":1718661486,"value":0},{"date":"2024-06-18","time":1718747881,"value":4},{"date":"2024-06-19","time":1718834286,"value":6},{"date":"2024-06-20","time":1718920680,"value":11},{"date":"2024-06-21","time":1719007086,"value":3},{"date":"2024-06-22","time":1719042243,"value":0}]}},{"header":{"messageId":"3df3ef3c0f3714ccf84b22bd2b5d8e90","namespace":"Appliance.Control.PhysicalLock","method":"PUSH","payloadVersion":1,"from":"/appliance/###############################0/publish","timestamp":1719042249,"timestampMs":295,"sign":"0de0d347ca62f6bcc9e7e8011a945726"},"payload":{"lock":[{"channel":0,"onoff":0}]}}]}}
2024/06/22 - 07:44:09		auto	LOG	debug	Appliance.Control.Multiple requests=3 (responses=3) expected size=2975 (actual=2170)
2024/06/22 - 07:44:09		auto	LOG	debug	ConsumptionXSensor(energy): updated midnight epochs: yesterday=1718920800.0 - today=1719007200.0 - tomorrow=1719093600.0
2024/06/22 - 07:44:09		auto	LOG	debug	ConsumptionXSensor(energy): updating consumption=0
2024/06/22 - 07:44:09	TX	http	GET	Appliance.System.Runtime	{"runtime":{}}
2024/06/22 - 07:44:09		auto	LOG	verbose	TX(http) GET Appliance.System.Runtime (messageId:25e5b9c6df7a4f3ba7ae61aeda72ec8a) {"header":{"messageId":"25e5b9c6df7a4f3ba7ae61aeda72ec8a","namespace":"Appliance.System.Runtime","method":"GET","payloadVersion":1,"from":"/app/3917048-eb40234d5ec8db162c08447c0dc7d772/subscribe","timestamp":1719042249,"timestampMs":0,"sign":"9ddc0565a6de492ced4ea1cf2cf5cf01"},"payload":{"runtime":{}}}
2024/06/22 - 07:44:09	RX	http	GETACK	Appliance.System.Runtime	{"runtime":{"signal":26}}
2024/06/22 - 07:44:09		auto	LOG	verbose	RX(http) GETACK Appliance.System.Runtime (messageId:25e5b9c6df7a4f3ba7ae61aeda72ec8a) {"header":{"messageId":"25e5b9c6df7a4f3ba7ae61aeda72ec8a","namespace":"Appliance.System.Runtime","method":"GETACK","payloadVersion":1,"from":"/appliance/###############################0/publish","timestamp":1719042249,"timestampMs":333,"sign":"9ddc0565a6de492ced4ea1cf2cf5cf01"},"payload":{"runtime":{"signal":26}}}
2024/06/22 - 07:44:09		auto	LOG	debug	Polling end
2024/06/22 - 07:44:10		auto	LOG	debug	Tracing Appliance.Config.Info ability
2024/06/22 - 07:44:10	TX	http	GET	Appliance.Config.Info	{"info":{}}
2024/06/22 - 07:44:10		auto	LOG	verbose	TX(http) GET Appliance.Config.Info (messageId:bdf6bc78cc6645faa5c66591147423e4) {"header":{"messageId":"bdf6bc78cc6645faa5c66591147423e4","namespace":"Appliance.Config.Info","method":"GET","payloadVersion":1,"from":"/app/3917048-eb40234d5ec8db162c08447c0dc7d772/subscribe","timestamp":1719042250,"timestampMs":0,"sign":"660fe02d9bd834cd04f7143c431ebe7b"},"payload":{"info":{}}}
2024/06/22 - 07:44:10	RX	http	GETACK	Appliance.Config.Info	{"info":{"homekit":{"model":"MTS960","sn":"##############0","category":20,"setupId":"###0","setupCode":"#########0","uuid":"###################################1","token":"###################################################################################################################################################################################################################################################################################################################################################################################################################################################################################0"}}}
2024/06/22 - 07:44:10		auto	LOG	verbose	RX(http) GETACK Appliance.Config.Info (messageId:bdf6bc78cc6645faa5c66591147423e4) {"header":{"messageId":"bdf6bc78cc6645faa5c66591147423e4","namespace":"Appliance.Config.Info","method":"GETACK","payloadVersion":1,"from":"/appliance/###############################0/publish","timestamp":1719042251,"timestampMs":926,"sign":"4c938f06567fa09e748d354ae620b565"},"payload":{"info":{"homekit":{"model":"MTS960","sn":"##############0","category":20,"setupId":"###0","setupCode":"#########0","uuid":"###################################1","token":"###################################################################################################################################################################################################################################################################################################################################################################################################################################################################################0"}}}}
2024/06/22 - 07:44:12		auto	LOG	debug	Tracing Appliance.System.Debug ability
2024/06/22 - 07:44:12	TX	http	GET	Appliance.System.Debug	{"debug":{}}
2024/06/22 - 07:44:12		auto	LOG	verbose	TX(http) GET Appliance.System.Debug (messageId:f7afb7a8c16e4435972fa740aad1d26d) {"header":{"messageId":"f7afb7a8c16e4435972fa740aad1d26d","namespace":"Appliance.System.Debug","method":"GET","payloadVersion":1,"from":"/app/3917048-eb40234d5ec8db162c08447c0dc7d772/subscribe","timestamp":1719042252,"timestampMs":0,"sign":"d235b056efec864d90ff5908b98f5f26"},"payload":{"debug":{}}}
2024/06/22 - 07:44:12	RX	http	GETACK	Appliance.System.Debug	{"debug":{"system":{"version":"4.2.6","sysUpTime":"46h11m51s","UTC":1719042253,"localTimeOffset":7200,"localTime":"Sat Jun 22 09:44:13 2024","suncalc":"5:51;21:57"},"network":{"linkStatus":"connected","signal":26,"ssid":"#######0","gatewayMac":"################0","innerIp":"#############0","wifiDisconnectCount":1,"wifiDisconnectDetail":{"totalCount":1,"detials":[{"sysUptime":79942,"timestamp":1718954352}]}},"cloud":{"activeServer":"###################0","mainServer":"###################0","mainPort":"@0","secondServer":"###################0","secondPort":"@0","userId":"@0","sysConnectTime":"Fri Jun 21 07:19:30 2024","sysOnlineTime":"24h24m43s","sysDisconnectCount":1,"iotDisconnectDetail":{"totalCount":1,"detials":[{"sysUptime":79942,"timestamp":1718954352}]}}}}
2024/06/22 - 07:44:12		auto	LOG	verbose	RX(http) GETACK Appliance.System.Debug (messageId:f7afb7a8c16e4435972fa740aad1d26d) {"header":{"messageId":"f7afb7a8c16e4435972fa740aad1d26d","namespace":"Appliance.System.Debug","method":"GETACK","payloadVersion":1,"from":"/appliance/###############################0/publish","timestamp":1719042253,"timestampMs":956,"sign":"7becda6c54ad0c9ea567b1f44560610c"},"payload":{"debug":{"system":{"version":"4.2.6","sysUpTime":"46h11m51s","UTC":1719042253,"localTimeOffset":7200,"localTime":"Sat Jun 22 09:44:13 2024","suncalc":"5:51;21:57"},"network":{"linkStatus":"connected","signal":26,"ssid":"#######0","gatewayMac":"################0","innerIp":"#############0","wifiDisconnectCount":1,"wifiDisconnectDetail":{"totalCount":1,"detials":[{"sysUptime":79942,"timestamp":1718954352}]}},"cloud":{"activeServer":"###################0","mainServer":"###################0","mainPort":"@0","secondServer":"###################0","secondPort":"@0","userId":"@0","sysConnectTime":"Fri Jun 21 07:19:30 2024","sysOnlineTime":"24h24m43s","sysDisconnectCount":1,"iotDisconnectDetail":{"totalCount":1,"detials":[{"sysUptime":79942,"timestamp":1718954352}]}}}}}
2024/06/22 - 07:44:14		auto	LOG	debug	Tracing Appliance.System.Runtime ability
2024/06/22 - 07:44:14	TX	http	GET	Appliance.System.Runtime	{"runtime":{}}
2024/06/22 - 07:44:14		auto	LOG	verbose	TX(http) GET Appliance.System.Runtime (messageId:8aee5b774ca24a6ebad9c741bf41f911) {"header":{"messageId":"8aee5b774ca24a6ebad9c741bf41f911","namespace":"Appliance.System.Runtime","method":"GET","payloadVersion":1,"from":"/app/3917048-eb40234d5ec8db162c08447c0dc7d772/subscribe","timestamp":1719042254,"timestampMs":0,"sign":"0486ee7d2c8fa4ee99c0d54001f0fa77"},"payload":{"runtime":{}}}
2024/06/22 - 07:44:14	RX	http	GETACK	Appliance.System.Runtime	{"runtime":{"signal":24}}
2024/06/22 - 07:44:14		auto	LOG	verbose	RX(http) GETACK Appliance.System.Runtime (messageId:8aee5b774ca24a6ebad9c741bf41f911) {"header":{"messageId":"8aee5b774ca24a6ebad9c741bf41f911","namespace":"Appliance.System.Runtime","method":"GETACK","payloadVersion":1,"from":"/appliance/###############################0/publish","timestamp":1719042255,"timestampMs":991,"sign":"0459a8b1ce6400409d135bb89f95a8ea"},"payload":{"runtime":{"signal":24}}}
2024/06/22 - 07:44:16		auto	LOG	debug	Tracing Appliance.System.Factory ability
2024/06/22 - 07:44:16	TX	http	GET	Appliance.System.Factory	{"factory":{}}
2024/06/22 - 07:44:16		auto	LOG	verbose	TX(http) GET Appliance.System.Factory (messageId:0fdcf8ca3c0d420e9aae54fa96900e67) {"header":{"messageId":"0fdcf8ca3c0d420e9aae54fa96900e67","namespace":"Appliance.System.Factory","method":"GET","payloadVersion":1,"from":"/app/3917048-eb40234d5ec8db162c08447c0dc7d772/subscribe","timestamp":1719042256,"timestampMs":0,"sign":"33f155b061f64fa609c8c93df2c7e839"},"payload":{"factory":{}}}
2024/06/22 - 07:44:16	RX	http	GETACK	Appliance.System.Factory	{"factory":{"test":{"ledAging":0,"wifiTest":0}}}
2024/06/22 - 07:44:16		auto	LOG	verbose	RX(http) GETACK Appliance.System.Factory (messageId:0fdcf8ca3c0d420e9aae54fa96900e67) {"header":{"messageId":"0fdcf8ca3c0d420e9aae54fa96900e67","namespace":"Appliance.System.Factory","method":"GETACK","payloadVersion":1,"from":"/appliance/###############################0/publish","timestamp":1719042257,"timestampMs":25,"sign":"9edfd8eea6fd77a6359fbef660090f96"},"payload":{"factory":{"test":{"ledAging":0,"wifiTest":0}}}}
2024/06/22 - 07:44:16		auto	LOG	debug	Handler undefined for method:GETACK namespace:Appliance.System.Factory payload:{'factory': {'test': {'ledAging': 0, 'wifiTest': 0}}}
2024/06/22 - 07:44:18		auto	LOG	debug	Tracing Appliance.Control.Thermostat.ModeB ability
2024/06/22 - 07:44:18	TX	http	GET	Appliance.Control.Thermostat.ModeB	{"modeB":[{"channel":0}]}
2024/06/22 - 07:44:18		auto	LOG	verbose	TX(http) GET Appliance.Control.Thermostat.ModeB (messageId:06d6ff90d1d54e2182eedf1992ef11b6) {"header":{"messageId":"06d6ff90d1d54e2182eedf1992ef11b6","namespace":"Appliance.Control.Thermostat.ModeB","method":"GET","payloadVersion":1,"from":"/app/3917048-eb40234d5ec8db162c08447c0dc7d772/subscribe","timestamp":1719042258,"timestampMs":0,"sign":"94c3bc0c0b50bc934797256ed906f25d"},"payload":{"modeB":[{"channel":0}]}}
2024/06/22 - 07:44:18	RX	http	GETACK	Appliance.Control.Thermostat.ModeB	{"modeB":[{"channel":0,"mode":1,"targetTemp":2600,"working":2,"currentTemp":1946,"state":2,"onoff":1,"sensorStatus":1}]}
2024/06/22 - 07:44:18		auto	LOG	verbose	RX(http) GETACK Appliance.Control.Thermostat.ModeB (messageId:06d6ff90d1d54e2182eedf1992ef11b6) {"header":{"messageId":"06d6ff90d1d54e2182eedf1992ef11b6","namespace":"Appliance.Control.Thermostat.ModeB","method":"GETACK","payloadVersion":1,"from":"/appliance/###############################0/publish","timestamp":1719042259,"timestampMs":52,"sign":"edd24e14756c6c03cbe1bd07d6424ab3"},"payload":{"modeB":[{"channel":0,"mode":1,"targetTemp":2600,"working":2,"currentTemp":1946,"state":2,"onoff":1,"sensorStatus":1}]}}
2024/06/22 - 07:44:20		auto	LOG	debug	Tracing Appliance.Control.Thermostat.ScheduleB ability
2024/06/22 - 07:44:20	TX	http	GET	Appliance.Control.Thermostat.ScheduleB	{"scheduleB":[{"channel":0}]}
2024/06/22 - 07:44:20		auto	LOG	verbose	TX(http) GET Appliance.Control.Thermostat.ScheduleB (messageId:00ac6178388849d4a99edaa2569ca41e) {"header":{"messageId":"00ac6178388849d4a99edaa2569ca41e","namespace":"Appliance.Control.Thermostat.ScheduleB","method":"GET","payloadVersion":1,"from":"/app/3917048-eb40234d5ec8db162c08447c0dc7d772/subscribe","timestamp":1719042260,"timestampMs":0,"sign":"18a2bca77706ca4a2b0e6cb234533075"},"payload":{"scheduleB":[{"channel":0}]}}
2024/06/22 - 07:44:20	RX	http	GETACK	Appliance.Control.Thermostat.ScheduleB	{"scheduleB":[{"channel":0,"section":12,"sun":[[1440,1900]],"mon":[[1440,100]],"tue":[[1440,2800]],"wed":[[1440,100]],"thu":[[1440,100]],"fri":[[15,100],[1425,2000]],"sat":[[1440,100]]}]}
2024/06/22 - 07:44:20		auto	LOG	verbose	RX(http) GETACK Appliance.Control.Thermostat.ScheduleB (messageId:00ac6178388849d4a99edaa2569ca41e) {"header":{"messageId":"00ac6178388849d4a99edaa2569ca41e","namespace":"Appliance.Control.Thermostat.ScheduleB","method":"GETACK","payloadVersion":1,"from":"/appliance/###############################0/publish","timestamp":1719042261,"timestampMs":93,"sign":"d0e242cb61e5ad65bb899bda94425eef"},"payload":{"scheduleB":[{"channel":0,"section":12,"sun":[[1440,1900]],"mon":[[1440,100]],"tue":[[1440,2800]],"wed":[[1440,100]],"thu":[[1440,100]],"fri":[[15,100],[1425,2000]],"sat":[[1440,100]]}]}}
2024/06/22 - 07:44:22		auto	LOG	debug	Tracing Appliance.Control.Thermostat.CtlRange ability
2024/06/22 - 07:44:22	TX	http	GET	Appliance.Control.Thermostat.CtlRange	{"ctlRange":[{"channel":0}]}
2024/06/22 - 07:44:22		auto	LOG	verbose	TX(http) GET Appliance.Control.Thermostat.CtlRange (messageId:3fca5109bd174372a1ee918ea5dd6eb8) {"header":{"messageId":"3fca5109bd174372a1ee918ea5dd6eb8","namespace":"Appliance.Control.Thermostat.CtlRange","method":"GET","payloadVersion":1,"from":"/app/3917048-eb40234d5ec8db162c08447c0dc7d772/subscribe","timestamp":1719042262,"timestampMs":0,"sign":"d69491a5621c3670bb5699a8e5456f1d"},"payload":{"ctlRange":[{"channel":0}]}}
2024/06/22 - 07:44:22	RX	http	GETACK	Appliance.Control.Thermostat.CtlRange	{"ctlRange":[{"channel":0,"max":11000,"min":-3000,"ctlMax":5000,"ctlMin":0}]}
2024/06/22 - 07:44:22		auto	LOG	verbose	RX(http) GETACK Appliance.Control.Thermostat.CtlRange (messageId:3fca5109bd174372a1ee918ea5dd6eb8) {"header":{"messageId":"3fca5109bd174372a1ee918ea5dd6eb8","namespace":"Appliance.Control.Thermostat.CtlRange","method":"GETACK","payloadVersion":1,"from":"/appliance/###############################0/publish","timestamp":1719042263,"timestampMs":124,"sign":"f122b2dfe8cd6aa77fd4d0d3dd6ad324"},"payload":{"ctlRange":[{"channel":0,"max":11000,"min":-3000,"ctlMax":5000,"ctlMin":0}]}}
2024/06/22 - 07:44:24		auto	LOG	debug	Tracing Appliance.Control.TempUnit ability
2024/06/22 - 07:44:24	TX	http	GET	Appliance.Control.TempUnit	{"tempUnit":[{"channel":0}]}
2024/06/22 - 07:44:24		auto	LOG	verbose	TX(http) GET Appliance.Control.TempUnit (messageId:91978a7e8c624d328eaf20b39300cfed) {"header":{"messageId":"91978a7e8c624d328eaf20b39300cfed","namespace":"Appliance.Control.TempUnit","method":"GET","payloadVersion":1,"from":"/app/3917048-eb40234d5ec8db162c08447c0dc7d772/subscribe","timestamp":1719042264,"timestampMs":0,"sign":"6a7c31c154f01839f619b33b202abef9"},"payload":{"tempUnit":[{"channel":0}]}}
2024/06/22 - 07:44:24	RX	http	GETACK	Appliance.Control.TempUnit	{"tempUnit":[{"channel":0,"tempUnit":1}]}
2024/06/22 - 07:44:24		auto	LOG	verbose	RX(http) GETACK Appliance.Control.TempUnit (messageId:91978a7e8c624d328eaf20b39300cfed) {"header":{"messageId":"91978a7e8c624d328eaf20b39300cfed","namespace":"Appliance.Control.TempUnit","method":"GETACK","payloadVersion":1,"from":"/appliance/###############################0/publish","timestamp":1719042265,"timestampMs":155,"sign":"2408a3902fdf39311197b44e65e6baeb"},"payload":{"tempUnit":[{"channel":0,"tempUnit":1}]}}
2024/06/22 - 07:44:24		auto	LOG	debug	Handler undefined for method:GETACK namespace:Appliance.Control.TempUnit payload:{'tempUnit': [{'channel': 0, 'tempUnit': 1}]}
2024/06/22 - 07:44:26		auto	LOG	debug	Tracing Appliance.Control.Thermostat.Alarm ability
2024/06/22 - 07:44:26	TX	http	GET	Appliance.Control.Thermostat.Alarm	{"alarm":[{"channel":0}]}
2024/06/22 - 07:44:26		auto	LOG	verbose	TX(http) GET Appliance.Control.Thermostat.Alarm (messageId:07e913c2bd5e40469860aed60710e361) {"header":{"messageId":"07e913c2bd5e40469860aed60710e361","namespace":"Appliance.Control.Thermostat.Alarm","method":"GET","payloadVersion":1,"from":"/app/3917048-eb40234d5ec8db162c08447c0dc7d772/subscribe","timestamp":1719042266,"timestampMs":0,"sign":"f0a6db942039db3e63f7fbee7b3b9bad"},"payload":{"alarm":[{"channel":0}]}}
2024/06/22 - 07:44:26		auto	LOG	debug	HTTP ERROR GET Appliance.Control.Thermostat.Alarm (messageId:07e913c2bd5e40469860aed60710e361 ServerDisconnectedError:Server disconnected)
2024/06/22 - 07:44:26	TX	mqtt	GET	Appliance.Control.Thermostat.Alarm	{"alarm":[{"channel":0}]}
2024/06/22 - 07:44:26		auto	LOG	verbose	TX(mqtt) GET Appliance.Control.Thermostat.Alarm (messageId:ebf5c278f72847f498b37621559aa34f) {"header":{"messageId":"ebf5c278f72847f498b37621559aa34f","namespace":"Appliance.Control.Thermostat.Alarm","method":"GET","payloadVersion":1,"from":"/app/3917048-eb40234d5ec8db162c08447c0dc7d772/subscribe","timestamp":1719042266,"timestampMs":0,"sign":"8d6c7d4a87cf54afab3d8803bd63e9ed"},"payload":{"alarm":[{"channel":0}]}}
2024/06/22 - 07:44:31	RX	mqtt	PUSH	Appliance.Control.Thermostat.Timer	{"timer":[{"down":{"duration":1,"end":1719042330,"onoff":1},"channel":0,"type":1}]}
2024/06/22 - 07:44:31		auto	LOG	verbose	RX(mqtt) PUSH Appliance.Control.Thermostat.Timer (messageId:533d274569470341550b06438ac02606) {"header":{"messageId":"533d274569470341550b06438ac02606","namespace":"Appliance.Control.Thermostat.Timer","timestamp":1719042271,"timestampMs":367,"triggerSrc":"","payloadVersion":1,"method":"PUSH","sign":"b913c6931cc1cc1c2d1ba509333f739b","from":"/appliance/###############################0/publish"},"payload":{"timer":[{"down":{"duration":1,"end":1719042330,"onoff":1},"channel":0,"type":1}]}}
2024/06/22 - 07:44:31	RX	mqtt	PUSH	Appliance.Control.Thermostat.ModeB	{"modeB":[{"mode":3,"targetTemp":0,"working":2,"currentTemp":1936,"state":2,"onoff":1,"sensorStatus":1,"channel":0}]}
2024/06/22 - 07:44:31		auto	LOG	verbose	RX(mqtt) PUSH Appliance.Control.Thermostat.ModeB (messageId:c4d81a006f1b32f8d5823fd349eaf2b5) {"header":{"messageId":"c4d81a006f1b32f8d5823fd349eaf2b5","namespace":"Appliance.Control.Thermostat.ModeB","timestamp":1719042272,"timestampMs":608,"triggerSrc":"","payloadVersion":1,"method":"PUSH","sign":"ba63c192d4690be89501ca0348b1bd4b","from":"/appliance/###############################0/publish"},"payload":{"modeB":[{"mode":3,"targetTemp":0,"working":2,"currentTemp":1936,"state":2,"onoff":1,"sensorStatus":1,"channel":0}]}}
2024/06/22 - 07:44:31	TX	http	PUSH	Appliance.Control.Thermostat.Alarm	{}
2024/06/22 - 07:44:31		auto	LOG	verbose	TX(http) PUSH Appliance.Control.Thermostat.Alarm (messageId:45f2de9708c1425585e5238c30d74829) {"header":{"messageId":"45f2de9708c1425585e5238c30d74829","namespace":"Appliance.Control.Thermostat.Alarm","method":"PUSH","payloadVersion":1,"from":"/app/3917048-eb40234d5ec8db162c08447c0dc7d772/subscribe","timestamp":1719042271,"timestampMs":0,"sign":"14658dc5397001a47ef029292acc28be"},"payload":{}}
2024/06/22 - 07:44:31	RX	http	PUSH	Appliance.Control.Thermostat.Alarm	{"alarm":[{"channel":0,"temp":1936,"type":0}]}
2024/06/22 - 07:44:31		auto	LOG	verbose	RX(http) PUSH Appliance.Control.Thermostat.Alarm (messageId:e70585493ec2cc877108a74d8d0fd54a) {"header":{"messageId":"e70585493ec2cc877108a74d8d0fd54a","namespace":"Appliance.Control.Thermostat.Alarm","method":"PUSH","payloadVersion":1,"from":"/appliance/###############################0/publish","timestamp":1719042272,"timestampMs":210,"sign":"cd7a7d9b154d5383cf2955916d0ba1fa"},"payload":{"alarm":[{"channel":0,"temp":1936,"type":0}]}}
2024/06/22 - 07:44:31		auto	LOG	debug	Handler undefined for method:PUSH namespace:Appliance.Control.Thermostat.Alarm payload:{'alarm': [{'channel': 0, 'temp': 1936, 'type': 0}]}
2024/06/22 - 07:44:32	RX	mqtt	PUSH	Appliance.Control.Thermostat.Calibration	{"calibration":[{"channel":0,"value":-270,"min":-2000,"max":2000}]}
2024/06/22 - 07:44:32		auto	LOG	verbose	RX(mqtt) PUSH Appliance.Control.Thermostat.Calibration (messageId:4a1a0922c8913c76b3d573d4ec961e2b) {"header":{"messageId":"4a1a0922c8913c76b3d573d4ec961e2b","namespace":"Appliance.Control.Thermostat.Calibration","timestamp":1719042273,"timestampMs":847,"triggerSrc":"","payloadVersion":1,"method":"PUSH","sign":"5701202a3667d9977f5c44297ba9fe85","from":"/appliance/###############################0/publish"},"payload":{"calibration":[{"channel":0,"value":-270,"min":-2000,"max":2000}]}}
2024/06/22 - 07:44:33		auto	LOG	debug	Tracing Appliance.Control.Thermostat.AlarmConfig ability
2024/06/22 - 07:44:33	TX	http	GET	Appliance.Control.Thermostat.AlarmConfig	{"alarmConfig":[{"channel":0}]}
2024/06/22 - 07:44:33		auto	LOG	verbose	TX(http) GET Appliance.Control.Thermostat.AlarmConfig (messageId:4788e42bee9d47e7920b68da3fdb1f24) {"header":{"messageId":"4788e42bee9d47e7920b68da3fdb1f24","namespace":"Appliance.Control.Thermostat.AlarmConfig","method":"GET","payloadVersion":1,"from":"/app/3917048-eb40234d5ec8db162c08447c0dc7d772/subscribe","timestamp":1719042273,"timestampMs":0,"sign":"e939b15a0c3e88e4ecf7fe8a4e17a541"},"payload":{"alarmConfig":[{"channel":0}]}}
2024/06/22 - 07:44:34	RX	http	GETACK	Appliance.Control.Thermostat.AlarmConfig	{"alarmConfig":[{"channel":0,"highEnable":1,"highTemp":6000,"lowEnable":1,"lowTemp":-3500,"min":-3500,"max":12000}]}
2024/06/22 - 07:44:34		auto	LOG	verbose	RX(http) GETACK Appliance.Control.Thermostat.AlarmConfig (messageId:4788e42bee9d47e7920b68da3fdb1f24) {"header":{"messageId":"4788e42bee9d47e7920b68da3fdb1f24","namespace":"Appliance.Control.Thermostat.AlarmConfig","method":"GETACK","payloadVersion":1,"from":"/appliance/###############################0/publish","timestamp":1719042274,"timestampMs":273,"sign":"1f720f0b479f178e6d8b614934d02a4d"},"payload":{"alarmConfig":[{"channel":0,"highEnable":1,"highTemp":6000,"lowEnable":1,"lowTemp":-3500,"min":-3500,"max":12000}]}}
2024/06/22 - 07:44:34		auto	LOG	debug	Handler undefined for method:GETACK namespace:Appliance.Control.Thermostat.AlarmConfig payload:{'alarmConfig': [{'channel': 0, 'highEnable': 1, 'highTemp': 6000, 'lowEnable': 1, 'lowTemp': -3500, 'min': -3500, 'max': 12000}]}
2024/06/22 - 07:44:36		auto	LOG	debug	Tracing Appliance.Control.Thermostat.CompressorDelay ability
2024/06/22 - 07:44:36	TX	http	GET	Appliance.Control.Thermostat.CompressorDelay	{"delay":[{"channel":0}]}
2024/06/22 - 07:44:36		auto	LOG	verbose	TX(http) GET Appliance.Control.Thermostat.CompressorDelay (messageId:12ebfad04d9044f4a46fd5f2e1ad7dff) {"header":{"messageId":"12ebfad04d9044f4a46fd5f2e1ad7dff","namespace":"Appliance.Control.Thermostat.CompressorDelay","method":"GET","payloadVersion":1,"from":"/app/3917048-eb40234d5ec8db162c08447c0dc7d772/subscribe","timestamp":1719042276,"timestampMs":0,"sign":"4665d8fd04d9a19891a4e039983a1d88"},"payload":{"delay":[{"channel":0}]}}
2024/06/22 - 07:44:36	RX	http	GETACK	Appliance.Control.Thermostat.CompressorDelay	{"delay":[{"channel":0,"enable":2,"value":1,"endTime":0}]}
2024/06/22 - 07:44:36		auto	LOG	verbose	RX(http) GETACK Appliance.Control.Thermostat.CompressorDelay (messageId:12ebfad04d9044f4a46fd5f2e1ad7dff) {"header":{"messageId":"12ebfad04d9044f4a46fd5f2e1ad7dff","namespace":"Appliance.Control.Thermostat.CompressorDelay","method":"GETACK","payloadVersion":1,"from":"/appliance/###############################0/publish","timestamp":1719042276,"timestampMs":305,"sign":"4665d8fd04d9a19891a4e039983a1d88"},"payload":{"delay":[{"channel":0,"enable":2,"value":1,"endTime":0}]}}
2024/06/22 - 07:44:36		auto	LOG	debug	Handler undefined for method:GETACK namespace:Appliance.Control.Thermostat.CompressorDelay payload:{'delay': [{'channel': 0, 'enable': 2, 'value': 1, 'endTime': 0}]}
2024/06/22 - 07:44:37	RX	mqtt	PUSH	Appliance.Control.Thermostat.Timer	{"timer":[{"channel":0,"type":1,"down":{"duration":1,"end":1719042337,"onoff":2}}]}
2024/06/22 - 07:44:37		auto	LOG	verbose	RX(mqtt) PUSH Appliance.Control.Thermostat.Timer (messageId:a1bb65eca5f0d29d7ce0afacfb0cf1d8) {"header":{"messageId":"a1bb65eca5f0d29d7ce0afacfb0cf1d8","namespace":"Appliance.Control.Thermostat.Timer","timestamp":1719042278,"timestampMs":79,"triggerSrc":"","payloadVersion":1,"method":"PUSH","sign":"8f01468e246a41ddc594f21f88f16361","from":"/appliance/###############################0/publish"},"payload":{"timer":[{"channel":0,"type":1,"down":{"duration":1,"end":1719042337,"onoff":2}}]}}
2024/06/22 - 07:44:38		auto	LOG	debug	Tracing Appliance.Control.Thermostat.Frost ability
2024/06/22 - 07:44:38	TX	http	GET	Appliance.Control.Thermostat.Frost	{"frost":[{"channel":0}]}
2024/06/22 - 07:44:38		auto	LOG	verbose	TX(http) GET Appliance.Control.Thermostat.Frost (messageId:e5090586a6be423895d3dc4e6b197c3c) {"header":{"messageId":"e5090586a6be423895d3dc4e6b197c3c","namespace":"Appliance.Control.Thermostat.Frost","method":"GET","payloadVersion":1,"from":"/app/3917048-eb40234d5ec8db162c08447c0dc7d772/subscribe","timestamp":1719042278,"timestampMs":0,"sign":"9ae54324ea06c2c5fb544fd0e06fc07c"},"payload":{"frost":[{"channel":0}]}}
2024/06/22 - 07:44:38	RX	http	GETACK	Appliance.Control.Thermostat.Frost	{"frost":[{"channel":0,"onoff":0,"value":700,"min":500,"max":1500,"warning":0}]}
2024/06/22 - 07:44:38		auto	LOG	verbose	RX(http) GETACK Appliance.Control.Thermostat.Frost (messageId:e5090586a6be423895d3dc4e6b197c3c) {"header":{"messageId":"e5090586a6be423895d3dc4e6b197c3c","namespace":"Appliance.Control.Thermostat.Frost","method":"GETACK","payloadVersion":1,"from":"/appliance/###############################0/publish","timestamp":1719042278,"timestampMs":333,"sign":"9ae54324ea06c2c5fb544fd0e06fc07c"},"payload":{"frost":[{"channel":0,"onoff":0,"value":700,"min":500,"max":1500,"warning":0}]}}
2024/06/22 - 07:44:38	RX	mqtt	PUSH	Appliance.Control.Thermostat.ModeB	{"modeB":[{"currentTemp":1936,"state":1,"onoff":1,"sensorStatus":1,"channel":0,"mode":3,"targetTemp":0,"working":2}]}
2024/06/22 - 07:44:38		auto	LOG	verbose	RX(mqtt) PUSH Appliance.Control.Thermostat.ModeB (messageId:b1093749799c1e61b1089f32b958bad0) {"header":{"messageId":"b1093749799c1e61b1089f32b958bad0","namespace":"Appliance.Control.Thermostat.ModeB","timestamp":1719042278,"timestampMs":315,"triggerSrc":"","payloadVersion":1,"method":"PUSH","sign":"bafc5785852db2459f97db265aece65e","from":"/appliance/###############################0/publish"},"payload":{"modeB":[{"currentTemp":1936,"state":1,"onoff":1,"sensorStatus":1,"channel":0,"mode":3,"targetTemp":0,"working":2}]}}
2024/06/22 - 07:44:39		auto	LOG	debug	Polling begin
2024/06/22 - 07:44:39	TX	http	SET	Appliance.Control.Multiple	{"multiple":[{"header":{"messageId":"9bb644208e614f66a0db978696a9d630","method":"GET","namespace":"Appliance.Control.Thermostat.Calibration"},"payload":{"calibration":[{"channel":0}]}},{"header":{"messageId":"de78e32b49b94439bb676482358a6525","method":"GET","namespace":"Appliance.Control.Thermostat.DeadZone"},"payload":{"deadZone":[{"channel":0}]}},{"header":{"messageId":"ce8b339b65084333b93194814d8459e8","method":"GET","namespace":"Appliance.Control.Thermostat.Frost"},"payload":{"frost":[{"channel":0}]}}]}
2024/06/22 - 07:44:39		auto	LOG	verbose	TX(http) SET Appliance.Control.Multiple (messageId:112d9b842f9d45fb947cff73ceca4363) {"header":{"messageId":"112d9b842f9d45fb947cff73ceca4363","namespace":"Appliance.Control.Multiple","method":"SET","payloadVersion":1,"from":"/app/3917048-eb40234d5ec8db162c08447c0dc7d772/subscribe","timestamp":1719042279,"timestampMs":0,"sign":"f1c53951d8e43a5506efb2f35fe8a2c3"},"payload":{"multiple":[{"header":{"messageId":"9bb644208e614f66a0db978696a9d630","method":"GET","namespace":"Appliance.Control.Thermostat.Calibration"},"payload":{"calibration":[{"channel":0}]}},{"header":{"messageId":"de78e32b49b94439bb676482358a6525","method":"GET","namespace":"Appliance.Control.Thermostat.DeadZone"},"payload":{"deadZone":[{"channel":0}]}},{"header":{"messageId":"ce8b339b65084333b93194814d8459e8","method":"GET","namespace":"Appliance.Control.Thermostat.Frost"},"payload":{"frost":[{"channel":0}]}}]}}
2024/06/22 - 07:44:39	RX	http	SETACK	Appliance.Control.Multiple	{"multiple":[{"header":{"messageId":"9bb644208e614f66a0db978696a9d630","namespace":"Appliance.Control.Thermostat.Calibration","method":"GETACK","payloadVersion":1,"from":"/appliance/###############################0/publish","timestamp":1719042279,"timestampMs":345,"sign":"67a22b67ef031ae90c9b573b4b857994"},"payload":{"calibration":[{"channel":0,"value":-270,"min":-2000,"max":2000}]}},{"header":{"messageId":"de78e32b49b94439bb676482358a6525","namespace":"Appliance.Control.Thermostat.DeadZone","method":"GETACK","payloadVersion":1,"from":"/appliance/###############################0/publish","timestamp":1719042279,"timestampMs":347,"sign":"f91550fcb2a7982cc6c966d00c774f5e"},"payload":{"deadZone":[{"channel":0,"value":300,"min":50,"max":2000}]}},{"header":{"messageId":"ce8b339b65084333b93194814d8459e8","namespace":"Appliance.Control.Thermostat.Frost","method":"GETACK","payloadVersion":1,"from":"/appliance/###############################0/publish","timestamp":1719042279,"timestampMs":349,"sign":"5bf3959e06108d606c42cf51be137872"},"payload":{"frost":[{"channel":0,"onoff":0,"value":700,"min":500,"max":1500,"warning":0}]}}]}
2024/06/22 - 07:44:39		auto	LOG	verbose	RX(http) SETACK Appliance.Control.Multiple (messageId:112d9b842f9d45fb947cff73ceca4363) {"header":{"messageId":"112d9b842f9d45fb947cff73ceca4363","namespace":"Appliance.Control.Multiple","method":"SETACK","payloadVersion":1,"from":"/appliance/###############################0/publish","timestamp":1719042279,"timestampMs":344,"sign":"f1c53951d8e43a5506efb2f35fe8a2c3"},"payload":{"multiple":[{"header":{"messageId":"9bb644208e614f66a0db978696a9d630","namespace":"Appliance.Control.Thermostat.Calibration","method":"GETACK","payloadVersion":1,"from":"/appliance/###############################0/publish","timestamp":1719042279,"timestampMs":345,"sign":"67a22b67ef031ae90c9b573b4b857994"},"payload":{"calibration":[{"channel":0,"value":-270,"min":-2000,"max":2000}]}},{"header":{"messageId":"de78e32b49b94439bb676482358a6525","namespace":"Appliance.Control.Thermostat.DeadZone","method":"GETACK","payloadVersion":1,"from":"/appliance/###############################0/publish","timestamp":1719042279,"timestampMs":347,"sign":"f91550fcb2a7982cc6c966d00c774f5e"},"payload":{"deadZone":[{"channel":0,"value":300,"min":50,"max":2000}]}},{"header":{"messageId":"ce8b339b65084333b93194814d8459e8","namespace":"Appliance.Control.Thermostat.Frost","method":"GETACK","payloadVersion":1,"from":"/appliance/###############################0/publish","timestamp":1719042279,"timestampMs":349,"sign":"5bf3959e06108d606c42cf51be137872"},"payload":{"frost":[{"channel":0,"onoff":0,"value":700,"min":500,"max":1500,"warning":0}]}}]}}
2024/06/22 - 07:44:39		auto	LOG	debug	Appliance.Control.Multiple requests=3 (responses=3) expected size=1440 (actual=1426)
2024/06/22 - 07:44:39	TX	http	SET	Appliance.Control.Multiple	{"multiple":[{"header":{"messageId":"bb6a03427ddb4b95b16b90fc91f23120","method":"GET","namespace":"Appliance.Control.Electricity"},"payload":{"electricity":{}}},{"header":{"messageId":"9a50b82b2ee54d0ab9fd8131060af996","method":"PUSH","namespace":"Appliance.Control.PhysicalLock"},"payload":{}},{"header":{"messageId":"4bf4ed2883a9477e89d823f406eb0108","method":"GET","namespace":"Appliance.System.Runtime"},"payload":{"runtime":{}}}]}
2024/06/22 - 07:44:39		auto	LOG	verbose	TX(http) SET Appliance.Control.Multiple (messageId:ea0a448a0066435c8588f919d443a6fd) {"header":{"messageId":"ea0a448a0066435c8588f919d443a6fd","namespace":"Appliance.Control.Multiple","method":"SET","payloadVersion":1,"from":"/app/3917048-eb40234d5ec8db162c08447c0dc7d772/subscribe","timestamp":1719042279,"timestampMs":0,"sign":"f616b3fd5da24b120d2301eaf14cd02d"},"payload":{"multiple":[{"header":{"messageId":"bb6a03427ddb4b95b16b90fc91f23120","method":"GET","namespace":"Appliance.Control.Electricity"},"payload":{"electricity":{}}},{"header":{"messageId":"9a50b82b2ee54d0ab9fd8131060af996","method":"PUSH","namespace":"Appliance.Control.PhysicalLock"},"payload":{}},{"header":{"messageId":"4bf4ed2883a9477e89d823f406eb0108","method":"GET","namespace":"Appliance.System.Runtime"},"payload":{"runtime":{}}}]}}
2024/06/22 - 07:44:39	RX	http	SETACK	Appliance.Control.Multiple	{"multiple":[{"header":{"messageId":"bb6a03427ddb4b95b16b90fc91f23120","namespace":"Appliance.Control.Electricity","method":"GETACK","payloadVersion":1,"from":"/appliance/###############################0/publish","timestamp":1719042279,"timestampMs":380,"sign":"271261987fbfb80a824259db4ebe21c5"},"payload":{"electricity":{"channel":0,"current":0,"voltage":2356,"power":0,"config":{"voltageRatio":187,"electricityRatio":102}}}},{"header":{"messageId":"a09492830727c6a9deaedaf3c3c777b8","namespace":"Appliance.Control.PhysicalLock","method":"PUSH","payloadVersion":1,"from":"/appliance/###############################0/publish","timestamp":1719042279,"timestampMs":382,"sign":"750b0c89b787135f9a81c9f123db9557"},"payload":{"lock":[{"channel":0,"onoff":0}]}},{"header":{"messageId":"4bf4ed2883a9477e89d823f406eb0108","namespace":"Appliance.System.Runtime","method":"GETACK","payloadVersion":1,"from":"/appliance/###############################0/publish","timestamp":1719042279,"timestampMs":383,"sign":"de8ffb6e614301b0dcfe12958f75bcc8"},"payload":{"runtime":{"signal":24}}}]}
2024/06/22 - 07:44:39		auto	LOG	verbose	RX(http) SETACK Appliance.Control.Multiple (messageId:ea0a448a0066435c8588f919d443a6fd) {"header":{"messageId":"ea0a448a0066435c8588f919d443a6fd","namespace":"Appliance.Control.Multiple","method":"SETACK","payloadVersion":1,"from":"/appliance/###############################0/publish","timestamp":1719042279,"timestampMs":379,"sign":"f616b3fd5da24b120d2301eaf14cd02d"},"payload":{"multiple":[{"header":{"messageId":"bb6a03427ddb4b95b16b90fc91f23120","namespace":"Appliance.Control.Electricity","method":"GETACK","payloadVersion":1,"from":"/appliance/###############################0/publish","timestamp":1719042279,"timestampMs":380,"sign":"271261987fbfb80a824259db4ebe21c5"},"payload":{"electricity":{"channel":0,"current":0,"voltage":2356,"power":0,"config":{"voltageRatio":187,"electricityRatio":102}}}},{"header":{"messageId":"a09492830727c6a9deaedaf3c3c777b8","namespace":"Appliance.Control.PhysicalLock","method":"PUSH","payloadVersion":1,"from":"/appliance/###############################0/publish","timestamp":1719042279,"timestampMs":382,"sign":"750b0c89b787135f9a81c9f123db9557"},"payload":{"lock":[{"channel":0,"onoff":0}]}},{"header":{"messageId":"4bf4ed2883a9477e89d823f406eb0108","namespace":"Appliance.System.Runtime","method":"GETACK","payloadVersion":1,"from":"/appliance/###############################0/publish","timestamp":1719042279,"timestampMs":383,"sign":"de8ffb6e614301b0dcfe12958f75bcc8"},"payload":{"runtime":{"signal":24}}}]}}
2024/06/22 - 07:44:39		auto	LOG	debug	Appliance.Control.Multiple requests=3 (responses=3) expected size=1395 (actual=1367)
2024/06/22 - 07:44:39		auto	LOG	debug	Polling end
2024/06/22 - 07:44:40		auto	LOG	debug	Tracing Appliance.Control.Thermostat.Calibration ability
2024/06/22 - 07:44:40	TX	http	GET	Appliance.Control.Thermostat.Calibration	{"calibration":[{"channel":0}]}
2024/06/22 - 07:44:40		auto	LOG	verbose	TX(http) GET Appliance.Control.Thermostat.Calibration (messageId:b85ea26cbd164a089b48b34114d34ee9) {"header":{"messageId":"b85ea26cbd164a089b48b34114d34ee9","namespace":"Appliance.Control.Thermostat.Calibration","method":"GET","payloadVersion":1,"from":"/app/3917048-eb40234d5ec8db162c08447c0dc7d772/subscribe","timestamp":1719042280,"timestampMs":0,"sign":"42cdffad3d4d63bf6e7fe6a6ebc6849b"},"payload":{"calibration":[{"channel":0}]}}
2024/06/22 - 07:44:40	RX	http	GETACK	Appliance.Control.Thermostat.Calibration	{"calibration":[{"channel":0,"value":-270,"min":-2000,"max":2000}]}
2024/06/22 - 07:44:40		auto	LOG	verbose	RX(http) GETACK Appliance.Control.Thermostat.Calibration (messageId:b85ea26cbd164a089b48b34114d34ee9) {"header":{"messageId":"b85ea26cbd164a089b48b34114d34ee9","namespace":"Appliance.Control.Thermostat.Calibration","method":"GETACK","payloadVersion":1,"from":"/appliance/###############################0/publish","timestamp":1719042280,"timestampMs":362,"sign":"42cdffad3d4d63bf6e7fe6a6ebc6849b"},"payload":{"calibration":[{"channel":0,"value":-270,"min":-2000,"max":2000}]}}
2024/06/22 - 07:44:42		auto	LOG	debug	Tracing Appliance.Control.Thermostat.DeadZone ability
2024/06/22 - 07:44:42	TX	http	GET	Appliance.Control.Thermostat.DeadZone	{"deadZone":[{"channel":0}]}
2024/06/22 - 07:44:42		auto	LOG	verbose	TX(http) GET Appliance.Control.Thermostat.DeadZone (messageId:d21e0fb031444727b0e2e33c060b6bfa) {"header":{"messageId":"d21e0fb031444727b0e2e33c060b6bfa","namespace":"Appliance.Control.Thermostat.DeadZone","method":"GET","payloadVersion":1,"from":"/app/3917048-eb40234d5ec8db162c08447c0dc7d772/subscribe","timestamp":1719042282,"timestampMs":0,"sign":"4e0f7cb22d85e905eb9eea996283d599"},"payload":{"deadZone":[{"channel":0}]}}
2024/06/22 - 07:44:42	RX	http	GETACK	Appliance.Control.Thermostat.DeadZone	{"deadZone":[{"channel":0,"value":300,"min":50,"max":2000}]}
2024/06/22 - 07:44:42		auto	LOG	verbose	RX(http) GETACK Appliance.Control.Thermostat.DeadZone (messageId:d21e0fb031444727b0e2e33c060b6bfa) {"header":{"messageId":"d21e0fb031444727b0e2e33c060b6bfa","namespace":"Appliance.Control.Thermostat.DeadZone","method":"GETACK","payloadVersion":1,"from":"/appliance/###############################0/publish","timestamp":1719042282,"timestampMs":391,"sign":"4e0f7cb22d85e905eb9eea996283d599"},"payload":{"deadZone":[{"channel":0,"value":300,"min":50,"max":2000}]}}
2024/06/22 - 07:44:44		auto	LOG	debug	Tracing Appliance.Control.ConsumptionX ability
2024/06/22 - 07:44:44	TX	http	GET	Appliance.Control.ConsumptionX	{"consumptionx":[]}
2024/06/22 - 07:44:44		auto	LOG	verbose	TX(http) GET Appliance.Control.ConsumptionX (messageId:148afbb2956b40d49908bb669f3125a7) {"header":{"messageId":"148afbb2956b40d49908bb669f3125a7","namespace":"Appliance.Control.ConsumptionX","method":"GET","payloadVersion":1,"from":"/app/3917048-eb40234d5ec8db162c08447c0dc7d772/subscribe","timestamp":1719042284,"timestampMs":0,"sign":"3380abf287122ed866466e61fcafe73d"},"payload":{"consumptionx":[]}}
2024/06/22 - 07:44:44	RX	http	GETACK	Appliance.Control.ConsumptionX	{"consumptionx":[{"date":"2024-06-07","time":1717797487,"value":10},{"date":"2024-06-08","time":1717883883,"value":10},{"date":"2024-06-09","time":1717970284,"value":7},{"date":"2024-06-10","time":1718056681,"value":0},{"date":"2024-06-11","time":1718143082,"value":0},{"date":"2024-06-12","time":1718229487,"value":0},{"date":"2024-06-13","time":1718315885,"value":0},{"date":"2024-06-14","time":1718402282,"value":0},{"date":"2024-06-15","time":1718488683,"value":0},{"date":"2024-06-16","time":1718575080,"value":35},{"date":"2024-06-17","time":1718661486,"value":0},{"date":"2024-06-18","time":1718747881,"value":4},{"date":"2024-06-19","time":1718834286,"value":6},{"date":"2024-06-20","time":1718920680,"value":11},{"date":"2024-06-21","time":1719007086,"value":3},{"date":"2024-06-22","time":1719042283,"value":0}]}
2024/06/22 - 07:44:44		auto	LOG	verbose	RX(http) GETACK Appliance.Control.ConsumptionX (messageId:148afbb2956b40d49908bb669f3125a7) {"header":{"messageId":"148afbb2956b40d49908bb669f3125a7","namespace":"Appliance.Control.ConsumptionX","method":"GETACK","payloadVersion":1,"from":"/appliance/###############################0/publish","timestamp":1719042284,"timestampMs":422,"sign":"3380abf287122ed866466e61fcafe73d"},"payload":{"consumptionx":[{"date":"2024-06-07","time":1717797487,"value":10},{"date":"2024-06-08","time":1717883883,"value":10},{"date":"2024-06-09","time":1717970284,"value":7},{"date":"2024-06-10","time":1718056681,"value":0},{"date":"2024-06-11","time":1718143082,"value":0},{"date":"2024-06-12","time":1718229487,"value":0},{"date":"2024-06-13","time":1718315885,"value":0},{"date":"2024-06-14","time":1718402282,"value":0},{"date":"2024-06-15","time":1718488683,"value":0},{"date":"2024-06-16","time":1718575080,"value":35},{"date":"2024-06-17","time":1718661486,"value":0},{"date":"2024-06-18","time":1718747881,"value":4},{"date":"2024-06-19","time":1718834286,"value":6},{"date":"2024-06-20","time":1718920680,"value":11},{"date":"2024-06-21","time":1719007086,"value":3},{"date":"2024-06-22","time":1719042283,"value":0}]}}
2024/06/22 - 07:44:44	RX	mqtt	PUSH	Appliance.Control.Thermostat.Timer	{"timer":[{"channel":0,"type":2,"cycle":{"end":1719043184,"onDuration":15,"offDuration":15,"state":1}}]}
2024/06/22 - 07:44:44		auto	LOG	verbose	RX(mqtt) PUSH Appliance.Control.Thermostat.Timer (messageId:3ca058a6f4a5177f48869611e6562f07) {"header":{"messageId":"3ca058a6f4a5177f48869611e6562f07","namespace":"Appliance.Control.Thermostat.Timer","timestamp":1719042285,"timestampMs":547,"triggerSrc":"","payloadVersion":1,"method":"PUSH","sign":"15c24f509963098545b6eb5b4f59568d","from":"/appliance/###############################0/publish"},"payload":{"timer":[{"channel":0,"type":2,"cycle":{"end":1719043184,"onDuration":15,"offDuration":15,"state":1}}]}}
2024/06/22 - 07:44:44	RX	mqtt	PUSH	Appliance.Control.Thermostat.ModeB	{"modeB":[{"channel":0,"mode":3,"targetTemp":0,"working":2,"currentTemp":1960,"state":1,"onoff":1,"sensorStatus":1}]}
2024/06/22 - 07:44:44		auto	LOG	verbose	RX(mqtt) PUSH Appliance.Control.Thermostat.ModeB (messageId:7680ea924cbe5aff77bb398b0ac758c6) {"header":{"messageId":"7680ea924cbe5aff77bb398b0ac758c6","namespace":"Appliance.Control.Thermostat.ModeB","timestamp":1719042285,"timestampMs":784,"triggerSrc":"","payloadVersion":1,"method":"PUSH","sign":"867be79d4b5d9caa901dd8b5bbc927e1","from":"/appliance/###############################0/publish"},"payload":{"modeB":[{"channel":0,"mode":3,"targetTemp":0,"working":2,"currentTemp":1960,"state":1,"onoff":1,"sensorStatus":1}]}}
2024/06/22 - 07:44:46		auto	LOG	debug	Tracing Appliance.Control.Electricity ability
2024/06/22 - 07:44:46	TX	http	GET	Appliance.Control.Electricity	{"electricity":{}}
2024/06/22 - 07:44:46		auto	LOG	verbose	TX(http) GET Appliance.Control.Electricity (messageId:cf342dbc2f4a46e9b8649cd5a725d035) {"header":{"messageId":"cf342dbc2f4a46e9b8649cd5a725d035","namespace":"Appliance.Control.Electricity","method":"GET","payloadVersion":1,"from":"/app/3917048-eb40234d5ec8db162c08447c0dc7d772/subscribe","timestamp":1719042286,"timestampMs":0,"sign":"c601ada70149a57700b68e08ab41fb6c"},"payload":{"electricity":{}}}
2024/06/22 - 07:44:46	RX	http	GETACK	Appliance.Control.Electricity	{"electricity":{"channel":0,"current":0,"voltage":2356,"power":0,"config":{"voltageRatio":187,"electricityRatio":102}}}
2024/06/22 - 07:44:46		auto	LOG	verbose	RX(http) GETACK Appliance.Control.Electricity (messageId:cf342dbc2f4a46e9b8649cd5a725d035) {"header":{"messageId":"cf342dbc2f4a46e9b8649cd5a725d035","namespace":"Appliance.Control.Electricity","method":"GETACK","payloadVersion":1,"from":"/appliance/###############################0/publish","timestamp":1719042286,"timestampMs":461,"sign":"c601ada70149a57700b68e08ab41fb6c"},"payload":{"electricity":{"channel":0,"current":0,"voltage":2356,"power":0,"config":{"voltageRatio":187,"electricityRatio":102}}}}
2024/06/22 - 07:44:48		auto	LOG	debug	Tracing Appliance.Control.ConsumptionConfig ability
2024/06/22 - 07:44:48	TX	http	GET	Appliance.Control.ConsumptionConfig	{"consumptionConfig":{}}
2024/06/22 - 07:44:48		auto	LOG	verbose	TX(http) GET Appliance.Control.ConsumptionConfig (messageId:9959ed623c4b4281915f6f2a623c4e31) {"header":{"messageId":"9959ed623c4b4281915f6f2a623c4e31","namespace":"Appliance.Control.ConsumptionConfig","method":"GET","payloadVersion":1,"from":"/app/3917048-eb40234d5ec8db162c08447c0dc7d772/subscribe","timestamp":1719042288,"timestampMs":0,"sign":"e9b6b68e67dd0f8c0cae8c45d2d04d50"},"payload":{"consumptionConfig":{}}}
2024/06/22 - 07:44:48	RX	http	GETACK	Appliance.Control.ConsumptionConfig	{"config":{"voltageRatio":187,"electricityRatio":102}}
2024/06/22 - 07:44:48		auto	LOG	verbose	RX(http) GETACK Appliance.Control.ConsumptionConfig (messageId:9959ed623c4b4281915f6f2a623c4e31) {"header":{"messageId":"9959ed623c4b4281915f6f2a623c4e31","namespace":"Appliance.Control.ConsumptionConfig","method":"GETACK","payloadVersion":1,"from":"/appliance/###############################0/publish","timestamp":1719042289,"timestampMs":519,"sign":"555e28519b6ff50eb3d822eb4b6d758d"},"payload":{"config":{"voltageRatio":187,"electricityRatio":102}}}
2024/06/22 - 07:44:50		auto	LOG	debug	Tracing Appliance.Control.Sensor.History ability
2024/06/22 - 07:44:50	TX	http	GET	Appliance.Control.Sensor.History	{"history":[{"channel":0}]}
2024/06/22 - 07:44:50		auto	LOG	verbose	TX(http) GET Appliance.Control.Sensor.History (messageId:5f6b245fed2041fb8abf4c2879374386) {"header":{"messageId":"5f6b245fed2041fb8abf4c2879374386","namespace":"Appliance.Control.Sensor.History","method":"GET","payloadVersion":1,"from":"/app/3917048-eb40234d5ec8db162c08447c0dc7d772/subscribe","timestamp":1719042290,"timestampMs":0,"sign":"0675e92ced718b5c0499303e4abf73b5"},"payload":{"history":[{"channel":0}]}}
2024/06/22 - 07:44:50	RX	http	GETACK	Appliance.Control.Sensor.History	{"history":[{"channel":0,"capacity":1,"value":[{"timestamp":1718987760,"temp":2397},{"timestamp":1718993160,"temp":2412},{"timestamp":1718994960,"temp":2391},{"timestamp":1719002161,"temp":2359},{"timestamp":1719012962,"temp":2306},{"timestamp":1719014762,"temp":2297},{"timestamp":1719016561,"temp":2289},{"timestamp":1719020161,"temp":2288},{"timestamp":1719025561,"temp":2250},{"timestamp":1719027361,"temp":2244},{"timestamp":1719029161,"temp":2225},{"timestamp":1719030962,"temp":2247},{"timestamp":1719032762,"temp":2242},{"timestamp":1719036362,"temp":2219},{"timestamp":1719038162,"temp":2220},{"timestamp":1719041762,"temp":2218},{"timestamp":1718955361,"temp":2243},{"timestamp":1718957161,"temp":2265},{"timestamp":1718958960,"temp":2272},{"timestamp":1718960760,"temp":2270},{"timestamp":1718962560,"temp":2284},{"timestamp":1718964360,"temp":2306},{"timestamp":1718967960,"temp":2347},{"timestamp":1718969760,"temp":2342},{"timestamp":1718971560,"temp":2360},{"timestamp":1718973361,"temp":2386},{"timestamp":1718975161,"temp":2394},{"timestamp":1718976961,"temp":2400},{"timestamp":1718978761,"temp":2387},{"timestamp":1718980561,"temp":2419},{"timestamp":1718984161,"temp":2405},{"timestamp":1718985961,"temp":2412},{"timestamp":1718989560,"temp":2414},{"timestamp":1718991360,"temp":2413},{"timestamp":1718996760,"temp":2398},{"timestamp":1718998560,"temp":2374},{"timestamp":1719000360,"temp":2368},{"timestamp":1719003961,"temp":2345},{"timestamp":1719005761,"temp":2328},{"timestamp":1719007562,"temp":2318},{"timestamp":1719009362,"temp":2309},{"timestamp":1719011162,"temp":2315},{"timestamp":1719021961,"temp":2264},{"timestamp":1719034562,"temp":2221},{"timestamp":1719039962,"temp":2234},{"timestamp":1718953561,"temp":2260},{"timestamp":1718966160,"temp":2323},{"timestamp":1718982361,"temp":2415}]}]}
2024/06/22 - 07:44:50		auto	LOG	verbose	RX(http) GETACK Appliance.Control.Sensor.History (messageId:5f6b245fed2041fb8abf4c2879374386) {"header":{"messageId":"5f6b245fed2041fb8abf4c2879374386","namespace":"Appliance.Control.Sensor.History","method":"GETACK","payloadVersion":1,"from":"/appliance/###############################0/publish","timestamp":1719042291,"timestampMs":551,"sign":"6819701dee8f44af7e47db219e9eb339"},"payload":{"history":[{"channel":0,"capacity":1,"value":[{"timestamp":1718987760,"temp":2397},{"timestamp":1718993160,"temp":2412},{"timestamp":1718994960,"temp":2391},{"timestamp":1719002161,"temp":2359},{"timestamp":1719012962,"temp":2306},{"timestamp":1719014762,"temp":2297},{"timestamp":1719016561,"temp":2289},{"timestamp":1719020161,"temp":2288},{"timestamp":1719025561,"temp":2250},{"timestamp":1719027361,"temp":2244},{"timestamp":1719029161,"temp":2225},{"timestamp":1719030962,"temp":2247},{"timestamp":1719032762,"temp":2242},{"timestamp":1719036362,"temp":2219},{"timestamp":1719038162,"temp":2220},{"timestamp":1719041762,"temp":2218},{"timestamp":1718955361,"temp":2243},{"timestamp":1718957161,"temp":2265},{"timestamp":1718958960,"temp":2272},{"timestamp":1718960760,"temp":2270},{"timestamp":1718962560,"temp":2284},{"timestamp":1718964360,"temp":2306},{"timestamp":1718967960,"temp":2347},{"timestamp":1718969760,"temp":2342},{"timestamp":1718971560,"temp":2360},{"timestamp":1718973361,"temp":2386},{"timestamp":1718975161,"temp":2394},{"timestamp":1718976961,"temp":2400},{"timestamp":1718978761,"temp":2387},{"timestamp":1718980561,"temp":2419},{"timestamp":1718984161,"temp":2405},{"timestamp":1718985961,"temp":2412},{"timestamp":1718989560,"temp":2414},{"timestamp":1718991360,"temp":2413},{"timestamp":1718996760,"temp":2398},{"timestamp":1718998560,"temp":2374},{"timestamp":1719000360,"temp":2368},{"timestamp":1719003961,"temp":2345},{"timestamp":1719005761,"temp":2328},{"timestamp":1719007562,"temp":2318},{"timestamp":1719009362,"temp":2309},{"timestamp":1719011162,"temp":2315},{"timestamp":1719021961,"temp":2264},{"timestamp":1719034562,"temp":2221},{"timestamp":1719039962,"temp":2234},{"timestamp":1718953561,"temp":2260},{"timestamp":1718966160,"temp":2323},{"timestamp":1718982361,"temp":2415}]}]}}
2024/06/22 - 07:44:50		auto	LOG	debug	Handler undefined for method:GETACK namespace:Appliance.Control.Sensor.History payload:{'history': [{'channel': 0, 'capacity': 1, 'value': [{'timestamp': 1718987760, 'temp': 2397}, {'timestamp': 1718993160, 'temp': 2412}, {'timestamp': 1718994960, 'temp': 2391}, {'timestamp': 1719002161, 'temp': 2359}, {'timestamp': 1719012962, 'temp': 2306}, {'timestamp': 1719014762, 'temp': 2297}, {'timestamp': 1719016561, 'temp': 2289}, {'timestamp': 1719020161, 'temp': 2288}, {'timestamp': 1719025561, 'temp': 2250}, {'timestamp': 1719027361, 'temp': 2244}, {'timestamp': 1719029161, 'temp': 2225}, {'timestamp': 1719030962, 'temp': 2247}, {'timestamp': 1719032762, 'temp': 2242}, {'timestamp': 1719036362, 'temp': 2219}, {'timestamp': 1719038162, 'temp': 2220}, {'timestamp': 1719041762, 'temp': 2218}, {'timestamp': 1718955361, 'temp': 2243}, {'timestamp': 1718957161, 'temp': 2265}, {'timestamp': 1718958960, 'temp': 2272}, {'timestamp': 1718960760, 'temp': 2270}, {'timestamp': 1718962560, 'temp': 2284}, {'timestamp': 1718964360, 'temp': 2306}, {'timestamp': 1718967960, 'temp': 2347}, {'timestamp': 1718969760, 'temp': 2342}, {'timestamp': 1718971560, 'temp': 2360}, {'timestamp': 1718973361, 'temp': 2386}, {'timestamp': 1718975161, 'temp': 2394}, {'timestamp': 1718976961, 'temp': 2400}, {'timestamp': 1718978761, 'temp': 2387}, {'timestamp': 1718980561, 'temp': 2419}, {'timestamp': 1718984161, 'temp': 2405}, {'timestamp': 1718985961, 'temp': 2412}, {'timestamp': 1718989560, 'temp': 2414}, {'timestamp': 1718991360, 'temp': 2413}, {'timestamp': 1718996760, 'temp': 2398}, {'timestamp': 1718998560, 'temp': 2374}, {'timestamp': 1719000360, 'temp': 2368}, {'timestamp': 1719003961, 'temp': 2345}, {'timestamp': 1719005761, 'temp': 2328}, {'timestamp': 1719007562, 'temp': 2318}, {'timestamp': 1719009362, 'temp': 2309}, {'timestamp': 1719011162, 'temp': 2315}, {'timestamp': 1719021961, 'temp': 2264}, {'timestamp': 1719034562, 'temp': 2221}, {'timestamp': 1719039962, 'temp': 2234}, {'timestamp': 1718953561, 'temp': 2260}, {'timestamp': 1718966160, 'temp': 2323}, {'timestamp': 1718982361, 'temp': 2415}]}]}
2024/06/22 - 07:44:52		auto	LOG	debug	Tracing Appliance.Control.Thermostat.Timer ability
2024/06/22 - 07:44:52	TX	http	GET	Appliance.Control.Thermostat.Timer	{"timer":[{"channel":0}]}
2024/06/22 - 07:44:52		auto	LOG	verbose	TX(http) GET Appliance.Control.Thermostat.Timer (messageId:3567eb92f18b43a89b152210d63d44fc) {"header":{"messageId":"3567eb92f18b43a89b152210d63d44fc","namespace":"Appliance.Control.Thermostat.Timer","method":"GET","payloadVersion":1,"from":"/app/3917048-eb40234d5ec8db162c08447c0dc7d772/subscribe","timestamp":1719042292,"timestampMs":0,"sign":"03dc7b25ed17ab389b004691920fc882"},"payload":{"timer":[{"channel":0}]}}
2024/06/22 - 07:44:52	RX	http	GETACK	Appliance.Control.Thermostat.Timer	{"timer":[{"channel":0,"type":2,"cycle":{"onDuration":15,"offDuration":15,"state":1,"end":1719043184}}]}
2024/06/22 - 07:44:52		auto	LOG	verbose	RX(http) GETACK Appliance.Control.Thermostat.Timer (messageId:3567eb92f18b43a89b152210d63d44fc) {"header":{"messageId":"3567eb92f18b43a89b152210d63d44fc","namespace":"Appliance.Control.Thermostat.Timer","method":"GETACK","payloadVersion":1,"from":"/appliance/###############################0/publish","timestamp":1719042293,"timestampMs":602,"sign":"bbcbdcb18d41f287339844969832c12e"},"payload":{"timer":[{"channel":0,"type":2,"cycle":{"onDuration":15,"offDuration":15,"state":1,"end":1719043184}}]}}
2024/06/22 - 07:44:54		auto	LOG	debug	Tracing abilities end
2024/06/22 - 07:44:56	RX	mqtt	PUSH	Appliance.Control.Thermostat.ModeB	{"modeB":[{"channel":0,"mode":1,"targetTemp":2600,"working":2,"currentTemp":1950,"state":2,"onoff":1,"sensorStatus":1}]}
2024/06/22 - 07:44:56		auto	LOG	verbose	RX(mqtt) PUSH Appliance.Control.Thermostat.ModeB (messageId:b439f6a1873972dbd65df332b7fc020c) {"header":{"messageId":"b439f6a1873972dbd65df332b7fc020c","namespace":"Appliance.Control.Thermostat.ModeB","timestamp":1719042297,"timestampMs":12,"triggerSrc":"","payloadVersion":1,"method":"PUSH","sign":"da5b56e2deffee80b354100ca417d571","from":"/appliance/###############################0/publish"},"payload":{"modeB":[{"channel":0,"mode":1,"targetTemp":2600,"working":2,"currentTemp":1950,"state":2,"onoff":1,"sensorStatus":1}]}}
2024/06/22 - 07:45:01	RX	mqtt	PUSH	Appliance.Control.Thermostat.ModeB	{"modeB":[{"targetTemp":100,"working":1,"currentTemp":1938,"state":2,"onoff":1,"sensorStatus":1,"channel":0,"mode":1}]}
2024/06/22 - 07:45:01		auto	LOG	verbose	RX(mqtt) PUSH Appliance.Control.Thermostat.ModeB (messageId:1e4eca11daa8b471785476a1c4bed960) {"header":{"messageId":"1e4eca11daa8b471785476a1c4bed960","namespace":"Appliance.Control.Thermostat.ModeB","timestamp":1719042301,"timestampMs":246,"triggerSrc":"","payloadVersion":1,"method":"PUSH","sign":"d3edb434edbef4175ef423c527945153","from":"/appliance/###############################0/publish"},"payload":{"modeB":[{"targetTemp":100,"working":1,"currentTemp":1938,"state":2,"onoff":1,"sensorStatus":1,"channel":0,"mode":1}]}}
2024/06/22 - 07:45:05	RX	mqtt	PUSH	Appliance.Control.Thermostat.ModeB	{"modeB":[{"state":2,"onoff":1,"sensorStatus":1,"channel":0,"mode":1,"targetTemp":2600,"working":2,"currentTemp":1955}]}
2024/06/22 - 07:45:05		auto	LOG	verbose	RX(mqtt) PUSH Appliance.Control.Thermostat.ModeB (messageId:33ee0572d764571f865f786e6b43fee1) {"header":{"messageId":"33ee0572d764571f865f786e6b43fee1","namespace":"Appliance.Control.Thermostat.ModeB","timestamp":1719042306,"timestampMs":478,"triggerSrc":"","payloadVersion":1,"method":"PUSH","sign":"5826b3fd8d374429400c0d94103fe5b5","from":"/appliance/###############################0/publish"},"payload":{"modeB":[{"state":2,"onoff":1,"sensorStatus":1,"channel":0,"mode":1,"targetTemp":2600,"working":2,"currentTemp":1955}]}}
2024/06/22 - 07:45:06	RX	mqtt	PUSH	Appliance.Control.Thermostat.ModeB	{"modeB":[{"state":1,"onoff":1,"sensorStatus":1,"channel":0,"mode":2,"targetTemp":100,"working":2,"currentTemp":1955}]}
2024/06/22 - 07:45:06		auto	LOG	verbose	RX(mqtt) PUSH Appliance.Control.Thermostat.ModeB (messageId:658cb705e221d99757a962091391cd97) {"header":{"messageId":"658cb705e221d99757a962091391cd97","namespace":"Appliance.Control.Thermostat.ModeB","timestamp":1719042307,"timestampMs":715,"triggerSrc":"","payloadVersion":1,"method":"PUSH","sign":"2703e24f953346672f642656844f88fe","from":"/appliance/###############################0/publish"},"payload":{"modeB":[{"state":1,"onoff":1,"sensorStatus":1,"channel":0,"mode":2,"targetTemp":100,"working":2,"currentTemp":1955}]}}
