2021/10/12 - 19:18:31	auto	GETACK	Appliance.System.All	{"system": {"hardware": {"type": "msl320cpr", "subType": "un", "version": "4.0.0", "chipType": "rtl8710cm", "uuid": "", "macAddress": ""}, "firmware": {"version": "4.3.1", "homekitVersion": "4.1", "compileTime": "2021/04/13-18:12:16", "encrypt": 1, "wifiMac": "", "innerIp": "", "server": "", "port": "", "userId": ""}, "time": {"timestamp": 1634059090, "timezone": "Europe/Rome", "timeRule": [[1616893200, 7200, 1], [1635642000, 3600, 0], [1648342800, 7200, 1], [1667091600, 3600, 0], [1679792400, 7200, 1], [1698541200, 3600, 0], [1711846800, 7200, 1], [1729990800, 3600, 0], [1743296400, 7200, 1], [1761440400, 3600, 0], [1774746000, 7200, 1], [1792890000, 3600, 0], [1806195600, 7200, 1], [1824944400, 3600, 0], [1837645200, 7200, 1], [1856394000, 3600, 0], [1869094800, 7200, 1], [1887843600, 3600, 0], [1901149200, 7200, 1], [1919293200, 3600, 0]]}, "online": {"status": 1, "bindId": "M9b6DfB5q1qoGkbW", "who": 1}}, "digest": {"togglex": [{"channel": 0, "onoff": 0, "lmTime": 1634059014}], "triggerx": [], "timerx": [], "light": {"capacity": 6, "channel": 0, "rgb": 255, "temperature": 55, "luminance": 100, "transform": 0}}}
2021/10/12 - 19:18:31	auto	GETACK	Appliance.System.Ability	{"Appliance.Config.Key": {}, "Appliance.Config.WifiList": {}, "Appliance.Config.Wifi": {}, "Appliance.Config.WifiX": {}, "Appliance.Config.Trace": {}, "Appliance.Config.Info": {}, "Appliance.System.All": {}, "Appliance.System.Hardware": {}, "Appliance.System.Firmware": {}, "Appliance.System.Debug": {}, "Appliance.System.Online": {}, "Appliance.System.Time": {}, "Appliance.System.Clock": {}, "Appliance.System.Ability": {}, "Appliance.System.Runtime": {}, "Appliance.System.Report": {}, "Appliance.System.Position": {}, "Appliance.Control.Multiple": {"maxCmdNum": 5}, "Appliance.Control.ToggleX": {}, "Appliance.Control.TimerX": {"sunOffsetSupport": 1}, "Appliance.Control.TriggerX": {}, "Appliance.Control.Bind": {}, "Appliance.Control.Unbind": {}, "Appliance.Control.Upgrade": {}, "Appliance.Control.Light": {"capacity": 7}, "Appliance.Control.Light.Effect": {}, "Appliance.Digest.TriggerX": {}, "Appliance.Digest.TimerX": {}}
2021/10/12 - 19:18:31	http	GET	Appliance.Config.WifiX	{"wifix": {}}
2021/10/12 - 19:18:31	auto	LOG	INFO	MerossDevice(2104152704757790849748e1e96c34bb) client connection error in async_http_request: Server disconnected
2021/10/12 - 19:18:31	auto	LOG	DEBUG	MerossDevice(2104152704757790849748e1e96c34bb) going offline!
2021/10/12 - 19:18:31	auto	LOG	WARNING	MerossDevice(2104152704757790849748e1e96c34bb) error in async_http_request: local variable 'response' referenced before assignment
2021/10/12 - 19:18:36	http	GET	Appliance.Config.Info	{"info": {}}
2021/10/12 - 19:18:36	http	GETACK	Appliance.Config.Info	{"info": {"homekit": {"model": "MSL320", "sn": "908497210401053", "category": 5, "setupId": "UWJQ", "setupCode": "330-91-053", "uuid": "20111425-4580-3000-1155-999999555817", "token": "MYGqME8CAQECAQEERzBFAiEAlZaWuP4804poAndHpxLn2wKin+4YyxULqUh9Sch7HWgCIGC9ZXqfHI80zT1hj2ptgYDctALIIj2ARIXTqy2RO2djMFcCAQICAQEETzFNMAkCAWYCAQEEAQEwEAIBZQIBAQQIJcrrcHwBAAAwFAICAMkCAQEECzI1MzY2OC0wMDI2MBgCAWcCAQEEEGB/62MNY0jTvtf1zHBz4q8xgakwTgIBAQIBAQRGMEQCIGVC7+SuTi9UIU4kKtSRhbvx6YbUMlvKTxlKWZQzCARHAiAl3CbNeIOp49sSlDJkuF/a1+/3rHe3mzEnKlAdxcpx8jBXAgECAgEBBE8xTTAJAgFmAgEBBAEBMBACAWUCAQEECJFFMHF8AQAAMBQCAgDJAgEBBAsyNTM2NjgtMDAyNjAYAgFnAgEBBBAD4qVP+sxEnrKwC/8XzzeV"}}}
2021/10/12 - 19:18:36	auto	LOG	DEBUG	MerossDevice(2104152704757790849748e1e96c34bb) back online!
2021/10/12 - 19:18:36	http	GET	Appliance.System.All	{"all": {}}
2021/10/12 - 19:18:36	http	GETACK	Appliance.System.All	{"all": {"system": {"hardware": {"type": "msl320cpr", "subType": "un", "version": "4.0.0", "chipType": "rtl8710cm", "uuid": "", "macAddress": ""}, "firmware": {"version": "4.3.1", "homekitVersion": "4.1", "compileTime": "2021/04/13-18:12:16", "encrypt": 1, "wifiMac": "", "innerIp": "", "server": "", "port": "", "userId": ""}, "time": {"timestamp": 1634059116, "timezone": "Europe/Rome", "timeRule": [[1616893200, 7200, 1], [1635642000, 3600, 0], [1648342800, 7200, 1], [1667091600, 3600, 0], [1679792400, 7200, 1], [1698541200, 3600, 0], [1711846800, 7200, 1], [1729990800, 3600, 0], [1743296400, 7200, 1], [1761440400, 3600, 0], [1774746000, 7200, 1], [1792890000, 3600, 0], [1806195600, 7200, 1], [1824944400, 3600, 0], [1837645200, 7200, 1], [1856394000, 3600, 0], [1869094800, 7200, 1], [1887843600, 3600, 0], [1901149200, 7200, 1], [1919293200, 3600, 0]]}, "online": {"status": 1, "bindId": "M9b6DfB5q1qoGkbW", "who": 1}}, "digest": {"togglex": [{"channel": 0, "onoff": 0, "lmTime": 1634059014}], "triggerx": [], "timerx": [], "light": {"capacity": 6, "channel": 0, "rgb": 255, "temperature": 55, "luminance": 100, "transform": 0}}}}
2021/10/12 - 19:18:41	http	GET	Appliance.System.All	{"all": {}}
2021/10/12 - 19:18:41	http	GETACK	Appliance.System.All	{"all": {"system": {"hardware": {"type": "msl320cpr", "subType": "un", "version": "4.0.0", "chipType": "rtl8710cm", "uuid": "", "macAddress": ""}, "firmware": {"version": "4.3.1", "homekitVersion": "4.1", "compileTime": "2021/04/13-18:12:16", "encrypt": 1, "wifiMac": "", "innerIp": "", "server": "", "port": "", "userId": ""}, "time": {"timestamp": 1634059120, "timezone": "Europe/Rome", "timeRule": [[1616893200, 7200, 1], [1635642000, 3600, 0], [1648342800, 7200, 1], [1667091600, 3600, 0], [1679792400, 7200, 1], [1698541200, 3600, 0], [1711846800, 7200, 1], [1729990800, 3600, 0], [1743296400, 7200, 1], [1761440400, 3600, 0], [1774746000, 7200, 1], [1792890000, 3600, 0], [1806195600, 7200, 1], [1824944400, 3600, 0], [1837645200, 7200, 1], [1856394000, 3600, 0], [1869094800, 7200, 1], [1887843600, 3600, 0], [1901149200, 7200, 1], [1919293200, 3600, 0]]}, "online": {"status": 1, "bindId": "M9b6DfB5q1qoGkbW", "who": 1}}, "digest": {"togglex": [{"channel": 0, "onoff": 0, "lmTime": 1634059014}], "triggerx": [], "timerx": [], "light": {"capacity": 6, "channel": 0, "rgb": 255, "temperature": 55, "luminance": 100, "transform": 0}}}}
2021/10/12 - 19:18:41	http	GET	Appliance.System.Runtime	{"runtime": {}}
2021/10/12 - 19:18:41	http	GETACK	Appliance.System.Runtime	{"runtime": {"signal": 96}}
2021/10/12 - 19:18:46	http	GET	Appliance.System.All	{"all": {}}
2021/10/12 - 19:18:46	http	GETACK	Appliance.System.All	{"all": {"system": {"hardware": {"type": "msl320cpr", "subType": "un", "version": "4.0.0", "chipType": "rtl8710cm", "uuid": "", "macAddress": ""}, "firmware": {"version": "4.3.1", "homekitVersion": "4.1", "compileTime": "2021/04/13-18:12:16", "encrypt": 1, "wifiMac": "", "innerIp": "", "server": "", "port": "", "userId": ""}, "time": {"timestamp": 1634059125, "timezone": "Europe/Rome", "timeRule": [[1616893200, 7200, 1], [1635642000, 3600, 0], [1648342800, 7200, 1], [1667091600, 3600, 0], [1679792400, 7200, 1], [1698541200, 3600, 0], [1711846800, 7200, 1], [1729990800, 3600, 0], [1743296400, 7200, 1], [1761440400, 3600, 0], [1774746000, 7200, 1], [1792890000, 3600, 0], [1806195600, 7200, 1], [1824944400, 3600, 0], [1837645200, 7200, 1], [1856394000, 3600, 0], [1869094800, 7200, 1], [1887843600, 3600, 0], [1901149200, 7200, 1], [1919293200, 3600, 0]]}, "online": {"status": 1, "bindId": "M9b6DfB5q1qoGkbW", "who": 1}}, "digest": {"togglex": [{"channel": 0, "onoff": 0, "lmTime": 1634059014}], "triggerx": [], "timerx": [], "light": {"capacity": 6, "channel": 0, "rgb": 255, "temperature": 55, "luminance": 100, "transform": 0}}}}
2021/10/12 - 19:18:46	http	GET	Appliance.System.Position	{"position": {}}
2021/10/12 - 19:18:46	http	GETACK	Appliance.System.Position	{"position": {"longitude": 0, "latitude": 0}}
2021/10/12 - 19:18:51	http	GET	Appliance.System.All	{"all": {}}
2021/10/12 - 19:18:51	http	GETACK	Appliance.System.All	{"all": {"system": {"hardware": {"type": "msl320cpr", "subType": "un", "version": "4.0.0", "chipType": "rtl8710cm", "uuid": "", "macAddress": ""}, "firmware": {"version": "4.3.1", "homekitVersion": "4.1", "compileTime": "2021/04/13-18:12:16", "encrypt": 1, "wifiMac": "", "innerIp": "", "server": "", "port": "", "userId": ""}, "time": {"timestamp": 1634059130, "timezone": "Europe/Rome", "timeRule": [[1616893200, 7200, 1], [1635642000, 3600, 0], [1648342800, 7200, 1], [1667091600, 3600, 0], [1679792400, 7200, 1], [1698541200, 3600, 0], [1711846800, 7200, 1], [1729990800, 3600, 0], [1743296400, 7200, 1], [1761440400, 3600, 0], [1774746000, 7200, 1], [1792890000, 3600, 0], [1806195600, 7200, 1], [1824944400, 3600, 0], [1837645200, 7200, 1], [1856394000, 3600, 0], [1869094800, 7200, 1], [1887843600, 3600, 0], [1901149200, 7200, 1], [1919293200, 3600, 0]]}, "online": {"status": 1, "bindId": "M9b6DfB5q1qoGkbW", "who": 1}}, "digest": {"togglex": [{"channel": 0, "onoff": 1, "lmTime": 1634059130}], "triggerx": [], "timerx": [], "light": {"capacity": 6, "channel": 0, "rgb": 255, "temperature": 55, "luminance": 100, "transform": 0}}}}
2021/10/12 - 19:18:51	http	GET	Appliance.Control.ToggleX	{"togglex": {}}
2021/10/12 - 19:18:51	http	GETACK	Appliance.Control.ToggleX	{"channel": 0, "togglex": {"channel": 0, "onoff": 1, "lmTime": 1634059130}}
2021/10/12 - 19:18:56	http	GET	Appliance.System.All	{"all": {}}
2021/10/12 - 19:18:56	http	GETACK	Appliance.System.All	{"all": {"system": {"hardware": {"type": "msl320cpr", "subType": "un", "version": "4.0.0", "chipType": "rtl8710cm", "uuid": "", "macAddress": ""}, "firmware": {"version": "4.3.1", "homekitVersion": "4.1", "compileTime": "2021/04/13-18:12:16", "encrypt": 1, "wifiMac": "", "innerIp": "", "server": "", "port": "", "userId": ""}, "time": {"timestamp": 1634059135, "timezone": "Europe/Rome", "timeRule": [[1616893200, 7200, 1], [1635642000, 3600, 0], [1648342800, 7200, 1], [1667091600, 3600, 0], [1679792400, 7200, 1], [1698541200, 3600, 0], [1711846800, 7200, 1], [1729990800, 3600, 0], [1743296400, 7200, 1], [1761440400, 3600, 0], [1774746000, 7200, 1], [1792890000, 3600, 0], [1806195600, 7200, 1], [1824944400, 3600, 0], [1837645200, 7200, 1], [1856394000, 3600, 0], [1869094800, 7200, 1], [1887843600, 3600, 0], [1901149200, 7200, 1], [1919293200, 3600, 0]]}, "online": {"status": 1, "bindId": "M9b6DfB5q1qoGkbW", "who": 1}}, "digest": {"togglex": [{"channel": 0, "onoff": 0, "lmTime": 1634059133}], "triggerx": [], "timerx": [], "light": {"capacity": 6, "channel": 0, "rgb": 255, "temperature": 55, "luminance": 100, "transform": 0}}}}
2021/10/12 - 19:18:56	http	GET	Appliance.Control.TimerX	{"timerx": {}}
2021/10/12 - 19:18:56	http	GETACK	Appliance.Control.TimerX	{"digest": {}, "timerx": {}}
2021/10/12 - 19:19:01	http	GET	Appliance.System.All	{"all": {}}
2021/10/12 - 19:19:01	http	GETACK	Appliance.System.All	{"all": {"system": {"hardware": {"type": "msl320cpr", "subType": "un", "version": "4.0.0", "chipType": "rtl8710cm", "uuid": "", "macAddress": ""}, "firmware": {"version": "4.3.1", "homekitVersion": "4.1", "compileTime": "2021/04/13-18:12:16", "encrypt": 1, "wifiMac": "", "innerIp": "", "server": "", "port": "", "userId": ""}, "time": {"timestamp": 1634059140, "timezone": "Europe/Rome", "timeRule": [[1616893200, 7200, 1], [1635642000, 3600, 0], [1648342800, 7200, 1], [1667091600, 3600, 0], [1679792400, 7200, 1], [1698541200, 3600, 0], [1711846800, 7200, 1], [1729990800, 3600, 0], [1743296400, 7200, 1], [1761440400, 3600, 0], [1774746000, 7200, 1], [1792890000, 3600, 0], [1806195600, 7200, 1], [1824944400, 3600, 0], [1837645200, 7200, 1], [1856394000, 3600, 0], [1869094800, 7200, 1], [1887843600, 3600, 0], [1901149200, 7200, 1], [1919293200, 3600, 0]]}, "online": {"status": 1, "bindId": "M9b6DfB5q1qoGkbW", "who": 1}}, "digest": {"togglex": [{"channel": 0, "onoff": 0, "lmTime": 1634059133}], "triggerx": [], "timerx": [], "light": {"capacity": 6, "channel": 0, "rgb": 255, "temperature": 55, "luminance": 100, "transform": 0}}}}
2021/10/12 - 19:19:01	http	GET	Appliance.Control.TriggerX	{"triggerx": {}}
2021/10/12 - 19:19:01	http	GETACK	Appliance.Control.TriggerX	{"digest": {}, "triggerx": {}}
2021/10/12 - 19:19:06	http	GET	Appliance.System.All	{"all": {}}
2021/10/12 - 19:19:06	http	GETACK	Appliance.System.All	{"all": {"system": {"hardware": {"type": "msl320cpr", "subType": "un", "version": "4.0.0", "chipType": "rtl8710cm", "uuid": "", "macAddress": ""}, "firmware": {"version": "4.3.1", "homekitVersion": "4.1", "compileTime": "2021/04/13-18:12:16", "encrypt": 1, "wifiMac": "", "innerIp": "", "server": "", "port": "", "userId": ""}, "time": {"timestamp": 1634059145, "timezone": "Europe/Rome", "timeRule": [[1616893200, 7200, 1], [1635642000, 3600, 0], [1648342800, 7200, 1], [1667091600, 3600, 0], [1679792400, 7200, 1], [1698541200, 3600, 0], [1711846800, 7200, 1], [1729990800, 3600, 0], [1743296400, 7200, 1], [1761440400, 3600, 0], [1774746000, 7200, 1], [1792890000, 3600, 0], [1806195600, 7200, 1], [1824944400, 3600, 0], [1837645200, 7200, 1], [1856394000, 3600, 0], [1869094800, 7200, 1], [1887843600, 3600, 0], [1901149200, 7200, 1], [1919293200, 3600, 0]]}, "online": {"status": 1, "bindId": "M9b6DfB5q1qoGkbW", "who": 1}}, "digest": {"togglex": [{"channel": 0, "onoff": 0, "lmTime": 1634059133}], "triggerx": [], "timerx": [], "light": {"capacity": 6, "channel": 0, "rgb": 255, "temperature": 55, "luminance": 100, "transform": 0}}}}
2021/10/12 - 19:19:06	http	GET	Appliance.Control.Light	{"light": {}}
2021/10/12 - 19:19:06	http	GETACK	Appliance.Control.Light	{"light": {"capacity": 6, "channel": 0, "rgb": 255, "temperature": 55, "luminance": 100, "transform": 0}}
2021/10/12 - 19:19:11	http	GET	Appliance.System.All	{"all": {}}
2021/10/12 - 19:19:11	http	GETACK	Appliance.System.All	{"all": {"system": {"hardware": {"type": "msl320cpr", "subType": "un", "version": "4.0.0", "chipType": "rtl8710cm", "uuid": "", "macAddress": ""}, "firmware": {"version": "4.3.1", "homekitVersion": "4.1", "compileTime": "2021/04/13-18:12:16", "encrypt": 1, "wifiMac": "", "innerIp": "", "server": "", "port": "", "userId": ""}, "time": {"timestamp": 1634059150, "timezone": "Europe/Rome", "timeRule": [[1616893200, 7200, 1], [1635642000, 3600, 0], [1648342800, 7200, 1], [1667091600, 3600, 0], [1679792400, 7200, 1], [1698541200, 3600, 0], [1711846800, 7200, 1], [1729990800, 3600, 0], [1743296400, 7200, 1], [1761440400, 3600, 0], [1774746000, 7200, 1], [1792890000, 3600, 0], [1806195600, 7200, 1], [1824944400, 3600, 0], [1837645200, 7200, 1], [1856394000, 3600, 0], [1869094800, 7200, 1], [1887843600, 3600, 0], [1901149200, 7200, 1], [1919293200, 3600, 0]]}, "online": {"status": 1, "bindId": "M9b6DfB5q1qoGkbW", "who": 1}}, "digest": {"togglex": [{"channel": 0, "onoff": 1, "lmTime": 1634059146}], "triggerx": [], "timerx": [], "light": {"capacity": 6, "channel": 0, "rgb": 255, "temperature": 1, "luminance": 100, "transform": 0}}}}
2021/10/12 - 19:19:11	http	GET	Appliance.Control.Light.Effect	{"effect": {}}
2021/10/12 - 19:19:11	http	GETACK	Appliance.Control.Light.Effect	{"effect": [{"Id": "0000000000000000", "effectName": "Night", "iconName": "light_effect_icon_night", "enable": 0, "mode": 0, "speed": 10, "member": [{"rgb": 16744192, "luminance": 30}]}, {"Id": "0000000000000001", "effectName": "Reading", "iconName": "light_effect_icon_read", "enable": 0, "mode": 0, "speed": 10, "member": [{"rgb": 16752706, "luminance": 100}]}, {"Id": "0000000000000002", "effectName": "Working", "iconName": "light_effect_icon_work", "enable": 0, "mode": 0, "speed": 10, "member": [{"rgb": 16756220, "luminance": 100}]}, {"Id": "0000000000000003", "effectName": "Relaxing", "iconName": "light_effect_icon_relax", "enable": 0, "mode": 2, "speed": 50, "member": [{"rgb": 16711680, "luminance": 100}, {"rgb": 65280, "luminance": 100}, {"rgb": 255, "luminance": 100}, {"rgb": 16757760, "luminance": 100}, {"rgb": 65450, "luminance": 100}, {"rgb": 16711786, "luminance": 100}]}, {"Id": "0000000000000004", "effectName": "Party", "iconName": "light_effect_icon_party", "enable": 0, "mode": 1, "speed": 90, "member": [{"rgb": 16711680, "luminance": 100}, {"rgb": 65280, "luminance": 100}, {"rgb": 255, "luminance": 100}, {"rgb": 16757760, "luminance": 100}, {"rgb": 65450, "luminance": 100}, {"rgb": 16711786, "luminance": 100}]}]}
2021/10/12 - 19:19:16	http	GET	Appliance.System.All	{"all": {}}
2021/10/12 - 19:19:16	http	GETACK	Appliance.System.All	{"all": {"system": {"hardware": {"type": "msl320cpr", "subType": "un", "version": "4.0.0", "chipType": "rtl8710cm", "uuid": "", "macAddress": ""}, "firmware": {"version": "4.3.1", "homekitVersion": "4.1", "compileTime": "2021/04/13-18:12:16", "encrypt": 1, "wifiMac": "", "innerIp": "", "server": "", "port": "", "userId": ""}, "time": {"timestamp": 1634059155, "timezone": "Europe/Rome", "timeRule": [[1616893200, 7200, 1], [1635642000, 3600, 0], [1648342800, 7200, 1], [1667091600, 3600, 0], [1679792400, 7200, 1], [1698541200, 3600, 0], [1711846800, 7200, 1], [1729990800, 3600, 0], [1743296400, 7200, 1], [1761440400, 3600, 0], [1774746000, 7200, 1], [1792890000, 3600, 0], [1806195600, 7200, 1], [1824944400, 3600, 0], [1837645200, 7200, 1], [1856394000, 3600, 0], [1869094800, 7200, 1], [1887843600, 3600, 0], [1901149200, 7200, 1], [1919293200, 3600, 0]]}, "online": {"status": 1, "bindId": "M9b6DfB5q1qoGkbW", "who": 1}}, "digest": {"togglex": [{"channel": 0, "onoff": 1, "lmTime": 1634059146}], "triggerx": [], "timerx": [], "light": {"capacity": 6, "channel": 0, "rgb": 255, "temperature": 94, "luminance": 100, "transform": 0}}}}
2021/10/12 - 19:19:16	http	GET	Appliance.Digest.TriggerX	{"triggerx": {}}
2021/10/12 - 19:19:16	http	GETACK	Appliance.Digest.TriggerX	{"digest": []}
2021/10/12 - 19:19:21	http	GET	Appliance.System.All	{"all": {}}
2021/10/12 - 19:19:21	http	GETACK	Appliance.System.All	{"all": {"system": {"hardware": {"type": "msl320cpr", "subType": "un", "version": "4.0.0", "chipType": "rtl8710cm", "uuid": "", "macAddress": ""}, "firmware": {"version": "4.3.1", "homekitVersion": "4.1", "compileTime": "2021/04/13-18:12:16", "encrypt": 1, "wifiMac": "", "innerIp": "", "server": "", "port": "", "userId": ""}, "time": {"timestamp": 1634059160, "timezone": "Europe/Rome", "timeRule": [[1616893200, 7200, 1], [1635642000, 3600, 0], [1648342800, 7200, 1], [1667091600, 3600, 0], [1679792400, 7200, 1], [1698541200, 3600, 0], [1711846800, 7200, 1], [1729990800, 3600, 0], [1743296400, 7200, 1], [1761440400, 3600, 0], [1774746000, 7200, 1], [1792890000, 3600, 0], [1806195600, 7200, 1], [1824944400, 3600, 0], [1837645200, 7200, 1], [1856394000, 3600, 0], [1869094800, 7200, 1], [1887843600, 3600, 0], [1901149200, 7200, 1], [1919293200, 3600, 0]]}, "online": {"status": 1, "bindId": "M9b6DfB5q1qoGkbW", "who": 1}}, "digest": {"togglex": [{"channel": 0, "onoff": 1, "lmTime": 1634059146}], "triggerx": [], "timerx": [], "light": {"capacity": 6, "channel": 0, "rgb": 255, "temperature": 98, "luminance": 100, "transform": 0}}}}
2021/10/12 - 19:19:21	http	GET	Appliance.Digest.TimerX	{"timerx": {}}
2021/10/12 - 19:19:21	http	GETACK	Appliance.Digest.TimerX	{"digest": []}
2021/10/12 - 19:19:26	http	GET	Appliance.System.All	{"all": {}}
2021/10/12 - 19:19:26	http	GETACK	Appliance.System.All	{"all": {"system": {"hardware": {"type": "msl320cpr", "subType": "un", "version": "4.0.0", "chipType": "rtl8710cm", "uuid": "", "macAddress": ""}, "firmware": {"version": "4.3.1", "homekitVersion": "4.1", "compileTime": "2021/04/13-18:12:16", "encrypt": 1, "wifiMac": "", "innerIp": "", "server": "", "port": "", "userId": ""}, "time": {"timestamp": 1634059165, "timezone": "Europe/Rome", "timeRule": [[1616893200, 7200, 1], [1635642000, 3600, 0], [1648342800, 7200, 1], [1667091600, 3600, 0], [1679792400, 7200, 1], [1698541200, 3600, 0], [1711846800, 7200, 1], [1729990800, 3600, 0], [1743296400, 7200, 1], [1761440400, 3600, 0], [1774746000, 7200, 1], [1792890000, 3600, 0], [1806195600, 7200, 1], [1824944400, 3600, 0], [1837645200, 7200, 1], [1856394000, 3600, 0], [1869094800, 7200, 1], [1887843600, 3600, 0], [1901149200, 7200, 1], [1919293200, 3600, 0]]}, "online": {"status": 1, "bindId": "M9b6DfB5q1qoGkbW", "who": 1}}, "digest": {"togglex": [{"channel": 0, "onoff": 1, "lmTime": 1634059146}], "triggerx": [], "timerx": [], "light": {"capacity": 6, "channel": 0, "rgb": 255, "temperature": 7, "luminance": 100, "transform": 0}}}}
2021/10/12 - 19:19:31	http	GET	Appliance.System.All	{"all": {}}
2021/10/12 - 19:19:31	http	GETACK	Appliance.System.All	{"all": {"system": {"hardware": {"type": "msl320cpr", "subType": "un", "version": "4.0.0", "chipType": "rtl8710cm", "uuid": "", "macAddress": ""}, "firmware": {"version": "4.3.1", "homekitVersion": "4.1", "compileTime": "2021/04/13-18:12:16", "encrypt": 1, "wifiMac": "", "innerIp": "", "server": "", "port": "", "userId": ""}, "time": {"timestamp": 1634059170, "timezone": "Europe/Rome", "timeRule": [[1616893200, 7200, 1], [1635642000, 3600, 0], [1648342800, 7200, 1], [1667091600, 3600, 0], [1679792400, 7200, 1], [1698541200, 3600, 0], [1711846800, 7200, 1], [1729990800, 3600, 0], [1743296400, 7200, 1], [1761440400, 3600, 0], [1774746000, 7200, 1], [1792890000, 3600, 0], [1806195600, 7200, 1], [1824944400, 3600, 0], [1837645200, 7200, 1], [1856394000, 3600, 0], [1869094800, 7200, 1], [1887843600, 3600, 0], [1901149200, 7200, 1], [1919293200, 3600, 0]]}, "online": {"status": 1, "bindId": "M9b6DfB5q1qoGkbW", "who": 1}}, "digest": {"togglex": [{"channel": 0, "onoff": 1, "lmTime": 1634059146}], "triggerx": [], "timerx": [], "light": {"capacity": 6, "channel": 0, "rgb": 255, "temperature": 46, "luminance": 100, "transform": 0}}}}
2021/10/12 - 19:19:36	http	GET	Appliance.System.All	{"all": {}}
2021/10/12 - 19:19:36	http	GETACK	Appliance.System.All	{"all": {"system": {"hardware": {"type": "msl320cpr", "subType": "un", "version": "4.0.0", "chipType": "rtl8710cm", "uuid": "", "macAddress": ""}, "firmware": {"version": "4.3.1", "homekitVersion": "4.1", "compileTime": "2021/04/13-18:12:16", "encrypt": 1, "wifiMac": "", "innerIp": "", "server": "", "port": "", "userId": ""}, "time": {"timestamp": 1634059175, "timezone": "Europe/Rome", "timeRule": [[1616893200, 7200, 1], [1635642000, 3600, 0], [1648342800, 7200, 1], [1667091600, 3600, 0], [1679792400, 7200, 1], [1698541200, 3600, 0], [1711846800, 7200, 1], [1729990800, 3600, 0], [1743296400, 7200, 1], [1761440400, 3600, 0], [1774746000, 7200, 1], [1792890000, 3600, 0], [1806195600, 7200, 1], [1824944400, 3600, 0], [1837645200, 7200, 1], [1856394000, 3600, 0], [1869094800, 7200, 1], [1887843600, 3600, 0], [1901149200, 7200, 1], [1919293200, 3600, 0]]}, "online": {"status": 1, "bindId": "M9b6DfB5q1qoGkbW", "who": 1}}, "digest": {"togglex": [{"channel": 0, "onoff": 1, "lmTime": 1634059146}], "triggerx": [], "timerx": [], "light": {"capacity": 6, "channel": 0, "rgb": 255, "temperature": 67, "luminance": 100, "transform": 0}}}}
2021/10/12 - 19:19:41	http	GET	Appliance.System.All	{"all": {}}
2021/10/12 - 19:19:41	http	GETACK	Appliance.System.All	{"all": {"system": {"hardware": {"type": "msl320cpr", "subType": "un", "version": "4.0.0", "chipType": "rtl8710cm", "uuid": "", "macAddress": ""}, "firmware": {"version": "4.3.1", "homekitVersion": "4.1", "compileTime": "2021/04/13-18:12:16", "encrypt": 1, "wifiMac": "", "innerIp": "", "server": "", "port": "", "userId": ""}, "time": {"timestamp": 1634059180, "timezone": "Europe/Rome", "timeRule": [[1616893200, 7200, 1], [1635642000, 3600, 0], [1648342800, 7200, 1], [1667091600, 3600, 0], [1679792400, 7200, 1], [1698541200, 3600, 0], [1711846800, 7200, 1], [1729990800, 3600, 0], [1743296400, 7200, 1], [1761440400, 3600, 0], [1774746000, 7200, 1], [1792890000, 3600, 0], [1806195600, 7200, 1], [1824944400, 3600, 0], [1837645200, 7200, 1], [1856394000, 3600, 0], [1869094800, 7200, 1], [1887843600, 3600, 0], [1901149200, 7200, 1], [1919293200, 3600, 0]]}, "online": {"status": 1, "bindId": "M9b6DfB5q1qoGkbW", "who": 1}}, "digest": {"togglex": [{"channel": 0, "onoff": 1, "lmTime": 1634059146}], "triggerx": [], "timerx": [], "light": {"capacity": 6, "channel": 0, "rgb": 255, "temperature": 97, "luminance": 100, "transform": 0}}}}
2021/10/12 - 19:19:46	http	GET	Appliance.System.All	{"all": {}}
2021/10/12 - 19:19:46	http	GETACK	Appliance.System.All	{"all": {"system": {"hardware": {"type": "msl320cpr", "subType": "un", "version": "4.0.0", "chipType": "rtl8710cm", "uuid": "", "macAddress": ""}, "firmware": {"version": "4.3.1", "homekitVersion": "4.1", "compileTime": "2021/04/13-18:12:16", "encrypt": 1, "wifiMac": "", "innerIp": "", "server": "", "port": "", "userId": ""}, "time": {"timestamp": 1634059185, "timezone": "Europe/Rome", "timeRule": [[1616893200, 7200, 1], [1635642000, 3600, 0], [1648342800, 7200, 1], [1667091600, 3600, 0], [1679792400, 7200, 1], [1698541200, 3600, 0], [1711846800, 7200, 1], [1729990800, 3600, 0], [1743296400, 7200, 1], [1761440400, 3600, 0], [1774746000, 7200, 1], [1792890000, 3600, 0], [1806195600, 7200, 1], [1824944400, 3600, 0], [1837645200, 7200, 1], [1856394000, 3600, 0], [1869094800, 7200, 1], [1887843600, 3600, 0], [1901149200, 7200, 1], [1919293200, 3600, 0]]}, "online": {"status": 1, "bindId": "M9b6DfB5q1qoGkbW", "who": 1}}, "digest": {"togglex": [{"channel": 0, "onoff": 1, "lmTime": 1634059146}], "triggerx": [], "timerx": [], "light": {"capacity": 6, "channel": 0, "rgb": 255, "temperature": 97, "luminance": 100, "transform": 0}}}}
2021/10/12 - 19:19:51	http	GET	Appliance.System.All	{"all": {}}
2021/10/12 - 19:19:51	http	GETACK	Appliance.System.All	{"all": {"system": {"hardware": {"type": "msl320cpr", "subType": "un", "version": "4.0.0", "chipType": "rtl8710cm", "uuid": "", "macAddress": ""}, "firmware": {"version": "4.3.1", "homekitVersion": "4.1", "compileTime": "2021/04/13-18:12:16", "encrypt": 1, "wifiMac": "", "innerIp": "", "server": "", "port": "", "userId": ""}, "time": {"timestamp": 1634059190, "timezone": "Europe/Rome", "timeRule": [[1616893200, 7200, 1], [1635642000, 3600, 0], [1648342800, 7200, 1], [1667091600, 3600, 0], [1679792400, 7200, 1], [1698541200, 3600, 0], [1711846800, 7200, 1], [1729990800, 3600, 0], [1743296400, 7200, 1], [1761440400, 3600, 0], [1774746000, 7200, 1], [1792890000, 3600, 0], [1806195600, 7200, 1], [1824944400, 3600, 0], [1837645200, 7200, 1], [1856394000, 3600, 0], [1869094800, 7200, 1], [1887843600, 3600, 0], [1901149200, 7200, 1], [1919293200, 3600, 0]]}, "online": {"status": 1, "bindId": "M9b6DfB5q1qoGkbW", "who": 1}}, "digest": {"togglex": [{"channel": 0, "onoff": 1, "lmTime": 1634059146}], "triggerx": [], "timerx": [], "light": {"capacity": 6, "channel": 0, "rgb": 255, "temperature": 97, "luminance": 100, "transform": 0}}}}
2021/10/12 - 19:19:56	http	GET	Appliance.System.All	{"all": {}}
2021/10/12 - 19:19:56	http	GETACK	Appliance.System.All	{"all": {"system": {"hardware": {"type": "msl320cpr", "subType": "un", "version": "4.0.0", "chipType": "rtl8710cm", "uuid": "", "macAddress": ""}, "firmware": {"version": "4.3.1", "homekitVersion": "4.1", "compileTime": "2021/04/13-18:12:16", "encrypt": 1, "wifiMac": "", "innerIp": "", "server": "", "port": "", "userId": ""}, "time": {"timestamp": 1634059195, "timezone": "Europe/Rome", "timeRule": [[1616893200, 7200, 1], [1635642000, 3600, 0], [1648342800, 7200, 1], [1667091600, 3600, 0], [1679792400, 7200, 1], [1698541200, 3600, 0], [1711846800, 7200, 1], [1729990800, 3600, 0], [1743296400, 7200, 1], [1761440400, 3600, 0], [1774746000, 7200, 1], [1792890000, 3600, 0], [1806195600, 7200, 1], [1824944400, 3600, 0], [1837645200, 7200, 1], [1856394000, 3600, 0], [1869094800, 7200, 1], [1887843600, 3600, 0], [1901149200, 7200, 1], [1919293200, 3600, 0]]}, "online": {"status": 1, "bindId": "M9b6DfB5q1qoGkbW", "who": 1}}, "digest": {"togglex": [{"channel": 0, "onoff": 1, "lmTime": 1634059146}], "triggerx": [], "timerx": [], "light": {"capacity": 6, "channel": 0, "rgb": 255, "temperature": 99, "luminance": 100, "transform": 0}}}}
2021/10/12 - 19:20:01	http	GET	Appliance.System.All	{"all": {}}
2021/10/12 - 19:20:01	http	GETACK	Appliance.System.All	{"all": {"system": {"hardware": {"type": "msl320cpr", "subType": "un", "version": "4.0.0", "chipType": "rtl8710cm", "uuid": "", "macAddress": ""}, "firmware": {"version": "4.3.1", "homekitVersion": "4.1", "compileTime": "2021/04/13-18:12:16", "encrypt": 1, "wifiMac": "", "innerIp": "", "server": "", "port": "", "userId": ""}, "time": {"timestamp": 1634059200, "timezone": "Europe/Rome", "timeRule": [[1616893200, 7200, 1], [1635642000, 3600, 0], [1648342800, 7200, 1], [1667091600, 3600, 0], [1679792400, 7200, 1], [1698541200, 3600, 0], [1711846800, 7200, 1], [1729990800, 3600, 0], [1743296400, 7200, 1], [1761440400, 3600, 0], [1774746000, 7200, 1], [1792890000, 3600, 0], [1806195600, 7200, 1], [1824944400, 3600, 0], [1837645200, 7200, 1], [1856394000, 3600, 0], [1869094800, 7200, 1], [1887843600, 3600, 0], [1901149200, 7200, 1], [1919293200, 3600, 0]]}, "online": {"status": 1, "bindId": "M9b6DfB5q1qoGkbW", "who": 1}}, "digest": {"togglex": [{"channel": 0, "onoff": 1, "lmTime": 1634059146}], "triggerx": [], "timerx": [], "light": {"capacity": 6, "channel": 0, "rgb": 255, "temperature": 99, "luminance": 100, "transform": 0}}}}
2021/10/12 - 19:20:06	http	GET	Appliance.System.All	{"all": {}}
2021/10/12 - 19:20:06	http	GETACK	Appliance.System.All	{"all": {"system": {"hardware": {"type": "msl320cpr", "subType": "un", "version": "4.0.0", "chipType": "rtl8710cm", "uuid": "", "macAddress": ""}, "firmware": {"version": "4.3.1", "homekitVersion": "4.1", "compileTime": "2021/04/13-18:12:16", "encrypt": 1, "wifiMac": "", "innerIp": "", "server": "", "port": "", "userId": ""}, "time": {"timestamp": 1634059205, "timezone": "Europe/Rome", "timeRule": [[1616893200, 7200, 1], [1635642000, 3600, 0], [1648342800, 7200, 1], [1667091600, 3600, 0], [1679792400, 7200, 1], [1698541200, 3600, 0], [1711846800, 7200, 1], [1729990800, 3600, 0], [1743296400, 7200, 1], [1761440400, 3600, 0], [1774746000, 7200, 1], [1792890000, 3600, 0], [1806195600, 7200, 1], [1824944400, 3600, 0], [1837645200, 7200, 1], [1856394000, 3600, 0], [1869094800, 7200, 1], [1887843600, 3600, 0], [1901149200, 7200, 1], [1919293200, 3600, 0]]}, "online": {"status": 1, "bindId": "M9b6DfB5q1qoGkbW", "who": 1}}, "digest": {"togglex": [{"channel": 0, "onoff": 1, "lmTime": 1634059146}], "triggerx": [], "timerx": [], "light": {"capacity": 6, "channel": 0, "rgb": 255, "temperature": 11, "luminance": 100, "transform": 0}}}}
2021/10/12 - 19:20:11	http	GET	Appliance.System.All	{"all": {}}
2021/10/12 - 19:20:11	http	GETACK	Appliance.System.All	{"all": {"system": {"hardware": {"type": "msl320cpr", "subType": "un", "version": "4.0.0", "chipType": "rtl8710cm", "uuid": "", "macAddress": ""}, "firmware": {"version": "4.3.1", "homekitVersion": "4.1", "compileTime": "2021/04/13-18:12:16", "encrypt": 1, "wifiMac": "", "innerIp": "", "server": "", "port": "", "userId": ""}, "time": {"timestamp": 1634059210, "timezone": "Europe/Rome", "timeRule": [[1616893200, 7200, 1], [1635642000, 3600, 0], [1648342800, 7200, 1], [1667091600, 3600, 0], [1679792400, 7200, 1], [1698541200, 3600, 0], [1711846800, 7200, 1], [1729990800, 3600, 0], [1743296400, 7200, 1], [1761440400, 3600, 0], [1774746000, 7200, 1], [1792890000, 3600, 0], [1806195600, 7200, 1], [1824944400, 3600, 0], [1837645200, 7200, 1], [1856394000, 3600, 0], [1869094800, 7200, 1], [1887843600, 3600, 0], [1901149200, 7200, 1], [1919293200, 3600, 0]]}, "online": {"status": 1, "bindId": "M9b6DfB5q1qoGkbW", "who": 1}}, "digest": {"togglex": [{"channel": 0, "onoff": 1, "lmTime": 1634059146}], "triggerx": [], "timerx": [], "light": {"capacity": 6, "channel": 0, "rgb": 255, "temperature": 11, "luminance": 100, "transform": 0}}}}
2021/10/12 - 19:20:16	http	GET	Appliance.System.All	{"all": {}}
2021/10/12 - 19:20:16	http	GETACK	Appliance.System.All	{"all": {"system": {"hardware": {"type": "msl320cpr", "subType": "un", "version": "4.0.0", "chipType": "rtl8710cm", "uuid": "", "macAddress": ""}, "firmware": {"version": "4.3.1", "homekitVersion": "4.1", "compileTime": "2021/04/13-18:12:16", "encrypt": 1, "wifiMac": "", "innerIp": "", "server": "", "port": "", "userId": ""}, "time": {"timestamp": 1634059215, "timezone": "Europe/Rome", "timeRule": [[1616893200, 7200, 1], [1635642000, 3600, 0], [1648342800, 7200, 1], [1667091600, 3600, 0], [1679792400, 7200, 1], [1698541200, 3600, 0], [1711846800, 7200, 1], [1729990800, 3600, 0], [1743296400, 7200, 1], [1761440400, 3600, 0], [1774746000, 7200, 1], [1792890000, 3600, 0], [1806195600, 7200, 1], [1824944400, 3600, 0], [1837645200, 7200, 1], [1856394000, 3600, 0], [1869094800, 7200, 1], [1887843600, 3600, 0], [1901149200, 7200, 1], [1919293200, 3600, 0]]}, "online": {"status": 1, "bindId": "M9b6DfB5q1qoGkbW", "who": 1}}, "digest": {"togglex": [{"channel": 0, "onoff": 1, "lmTime": 1634059146}], "triggerx": [], "timerx": [], "light": {"capacity": 6, "channel": 0, "rgb": 255, "temperature": 11, "luminance": 100, "transform": 0}}}}
2021/10/12 - 19:20:21	http	GET	Appliance.System.All	{"all": {}}
2021/10/12 - 19:20:21	http	GETACK	Appliance.System.All	{"all": {"system": {"hardware": {"type": "msl320cpr", "subType": "un", "version": "4.0.0", "chipType": "rtl8710cm", "uuid": "", "macAddress": ""}, "firmware": {"version": "4.3.1", "homekitVersion": "4.1", "compileTime": "2021/04/13-18:12:16", "encrypt": 1, "wifiMac": "", "innerIp": "", "server": "", "port": "", "userId": ""}, "time": {"timestamp": 1634059220, "timezone": "Europe/Rome", "timeRule": [[1616893200, 7200, 1], [1635642000, 3600, 0], [1648342800, 7200, 1], [1667091600, 3600, 0], [1679792400, 7200, 1], [1698541200, 3600, 0], [1711846800, 7200, 1], [1729990800, 3600, 0], [1743296400, 7200, 1], [1761440400, 3600, 0], [1774746000, 7200, 1], [1792890000, 3600, 0], [1806195600, 7200, 1], [1824944400, 3600, 0], [1837645200, 7200, 1], [1856394000, 3600, 0], [1869094800, 7200, 1], [1887843600, 3600, 0], [1901149200, 7200, 1], [1919293200, 3600, 0]]}, "online": {"status": 1, "bindId": "M9b6DfB5q1qoGkbW", "who": 1}}, "digest": {"togglex": [{"channel": 0, "onoff": 1, "lmTime": 1634059218}], "triggerx": [], "timerx": [], "light": {"capacity": 6, "channel": 0, "rgb": 255, "temperature": 11, "luminance": 45, "transform": 0}}}}
2021/10/12 - 19:20:26	http	GET	Appliance.System.All	{"all": {}}
2021/10/12 - 19:20:26	http	GETACK	Appliance.System.All	{"all": {"system": {"hardware": {"type": "msl320cpr", "subType": "un", "version": "4.0.0", "chipType": "rtl8710cm", "uuid": "", "macAddress": ""}, "firmware": {"version": "4.3.1", "homekitVersion": "4.1", "compileTime": "2021/04/13-18:12:16", "encrypt": 1, "wifiMac": "", "innerIp": "", "server": "", "port": "", "userId": ""}, "time": {"timestamp": 1634059225, "timezone": "Europe/Rome", "timeRule": [[1616893200, 7200, 1], [1635642000, 3600, 0], [1648342800, 7200, 1], [1667091600, 3600, 0], [1679792400, 7200, 1], [1698541200, 3600, 0], [1711846800, 7200, 1], [1729990800, 3600, 0], [1743296400, 7200, 1], [1761440400, 3600, 0], [1774746000, 7200, 1], [1792890000, 3600, 0], [1806195600, 7200, 1], [1824944400, 3600, 0], [1837645200, 7200, 1], [1856394000, 3600, 0], [1869094800, 7200, 1], [1887843600, 3600, 0], [1901149200, 7200, 1], [1919293200, 3600, 0]]}, "online": {"status": 1, "bindId": "M9b6DfB5q1qoGkbW", "who": 1}}, "digest": {"togglex": [{"channel": 0, "onoff": 1, "lmTime": 1634059223}], "triggerx": [], "timerx": [], "light": {"capacity": 6, "channel": 0, "rgb": 255, "temperature": 11, "luminance": 100, "transform": 0}}}}
2021/10/12 - 19:20:31	http	GET	Appliance.System.All	{"all": {}}
2021/10/12 - 19:20:31	http	GETACK	Appliance.System.All	{"all": {"system": {"hardware": {"type": "msl320cpr", "subType": "un", "version": "4.0.0", "chipType": "rtl8710cm", "uuid": "", "macAddress": ""}, "firmware": {"version": "4.3.1", "homekitVersion": "4.1", "compileTime": "2021/04/13-18:12:16", "encrypt": 1, "wifiMac": "", "innerIp": "", "server": "", "port": "", "userId": ""}, "time": {"timestamp": 1634059230, "timezone": "Europe/Rome", "timeRule": [[1616893200, 7200, 1], [1635642000, 3600, 0], [1648342800, 7200, 1], [1667091600, 3600, 0], [1679792400, 7200, 1], [1698541200, 3600, 0], [1711846800, 7200, 1], [1729990800, 3600, 0], [1743296400, 7200, 1], [1761440400, 3600, 0], [1774746000, 7200, 1], [1792890000, 3600, 0], [1806195600, 7200, 1], [1824944400, 3600, 0], [1837645200, 7200, 1], [1856394000, 3600, 0], [1869094800, 7200, 1], [1887843600, 3600, 0], [1901149200, 7200, 1], [1919293200, 3600, 0]]}, "online": {"status": 1, "bindId": "M9b6DfB5q1qoGkbW", "who": 1}}, "digest": {"togglex": [{"channel": 0, "onoff": 1, "lmTime": 1634059228}], "triggerx": [], "timerx": [], "light": {"capacity": 5, "channel": 0, "rgb": 1966335, "temperature": 11, "luminance": 100, "transform": 0}}}}
2021/10/12 - 19:20:36	http	GET	Appliance.System.All	{"all": {}}
2021/10/12 - 19:20:36	http	GETACK	Appliance.System.All	{"all": {"system": {"hardware": {"type": "msl320cpr", "subType": "un", "version": "4.0.0", "chipType": "rtl8710cm", "uuid": "", "macAddress": ""}, "firmware": {"version": "4.3.1", "homekitVersion": "4.1", "compileTime": "2021/04/13-18:12:16", "encrypt": 1, "wifiMac": "", "innerIp": "", "server": "", "port": "", "userId": ""}, "time": {"timestamp": 1634059235, "timezone": "Europe/Rome", "timeRule": [[1616893200, 7200, 1], [1635642000, 3600, 0], [1648342800, 7200, 1], [1667091600, 3600, 0], [1679792400, 7200, 1], [1698541200, 3600, 0], [1711846800, 7200, 1], [1729990800, 3600, 0], [1743296400, 7200, 1], [1761440400, 3600, 0], [1774746000, 7200, 1], [1792890000, 3600, 0], [1806195600, 7200, 1], [1824944400, 3600, 0], [1837645200, 7200, 1], [1856394000, 3600, 0], [1869094800, 7200, 1], [1887843600, 3600, 0], [1901149200, 7200, 1], [1919293200, 3600, 0]]}, "online": {"status": 1, "bindId": "M9b6DfB5q1qoGkbW", "who": 1}}, "digest": {"togglex": [{"channel": 0, "onoff": 1, "lmTime": 1634059228}], "triggerx": [], "timerx": [], "light": {"capacity": 5, "channel": 0, "rgb": 16774912, "temperature": 11, "luminance": 100, "transform": 0}}}}
2021/10/12 - 19:20:41	http	GET	Appliance.System.All	{"all": {}}
2021/10/12 - 19:20:41	http	GETACK	Appliance.System.All	{"all": {"system": {"hardware": {"type": "msl320cpr", "subType": "un", "version": "4.0.0", "chipType": "rtl8710cm", "uuid": "", "macAddress": ""}, "firmware": {"version": "4.3.1", "homekitVersion": "4.1", "compileTime": "2021/04/13-18:12:16", "encrypt": 1, "wifiMac": "", "innerIp": "", "server": "", "port": "", "userId": ""}, "time": {"timestamp": 1634059240, "timezone": "Europe/Rome", "timeRule": [[1616893200, 7200, 1], [1635642000, 3600, 0], [1648342800, 7200, 1], [1667091600, 3600, 0], [1679792400, 7200, 1], [1698541200, 3600, 0], [1711846800, 7200, 1], [1729990800, 3600, 0], [1743296400, 7200, 1], [1761440400, 3600, 0], [1774746000, 7200, 1], [1792890000, 3600, 0], [1806195600, 7200, 1], [1824944400, 3600, 0], [1837645200, 7200, 1], [1856394000, 3600, 0], [1869094800, 7200, 1], [1887843600, 3600, 0], [1901149200, 7200, 1], [1919293200, 3600, 0]]}, "online": {"status": 1, "bindId": "M9b6DfB5q1qoGkbW", "who": 1}}, "digest": {"togglex": [{"channel": 0, "onoff": 1, "lmTime": 1634059228}], "triggerx": [], "timerx": [], "light": {"capacity": 5, "channel": 0, "rgb": 12123904, "temperature": 11, "luminance": 100, "transform": 0}}}}
2021/10/12 - 19:20:46	http	GET	Appliance.System.All	{"all": {}}
2021/10/12 - 19:20:46	http	GETACK	Appliance.System.All	{"all": {"system": {"hardware": {"type": "msl320cpr", "subType": "un", "version": "4.0.0", "chipType": "rtl8710cm", "uuid": "", "macAddress": ""}, "firmware": {"version": "4.3.1", "homekitVersion": "4.1", "compileTime": "2021/04/13-18:12:16", "encrypt": 1, "wifiMac": "", "innerIp": "", "server": "", "port": "", "userId": ""}, "time": {"timestamp": 1634059245, "timezone": "Europe/Rome", "timeRule": [[1616893200, 7200, 1], [1635642000, 3600, 0], [1648342800, 7200, 1], [1667091600, 3600, 0], [1679792400, 7200, 1], [1698541200, 3600, 0], [1711846800, 7200, 1], [1729990800, 3600, 0], [1743296400, 7200, 1], [1761440400, 3600, 0], [1774746000, 7200, 1], [1792890000, 3600, 0], [1806195600, 7200, 1], [1824944400, 3600, 0], [1837645200, 7200, 1], [1856394000, 3600, 0], [1869094800, 7200, 1], [1887843600, 3600, 0], [1901149200, 7200, 1], [1919293200, 3600, 0]]}, "online": {"status": 1, "bindId": "M9b6DfB5q1qoGkbW", "who": 1}}, "digest": {"togglex": [{"channel": 0, "onoff": 1, "lmTime": 1634059228}], "triggerx": [], "timerx": [], "light": {"capacity": 5, "channel": 0, "rgb": 2097407, "temperature": 11, "luminance": 100, "transform": 0}}}}
2021/10/12 - 19:20:51	http	GET	Appliance.System.All	{"all": {}}
2021/10/12 - 19:20:51	http	GETACK	Appliance.System.All	{"all": {"system": {"hardware": {"type": "msl320cpr", "subType": "un", "version": "4.0.0", "chipType": "rtl8710cm", "uuid": "", "macAddress": ""}, "firmware": {"version": "4.3.1", "homekitVersion": "4.1", "compileTime": "2021/04/13-18:12:16", "encrypt": 1, "wifiMac": "", "innerIp": "", "server": "", "port": "", "userId": ""}, "time": {"timestamp": 1634059250, "timezone": "Europe/Rome", "timeRule": [[1616893200, 7200, 1], [1635642000, 3600, 0], [1648342800, 7200, 1], [1667091600, 3600, 0], [1679792400, 7200, 1], [1698541200, 3600, 0], [1711846800, 7200, 1], [1729990800, 3600, 0], [1743296400, 7200, 1], [1761440400, 3600, 0], [1774746000, 7200, 1], [1792890000, 3600, 0], [1806195600, 7200, 1], [1824944400, 3600, 0], [1837645200, 7200, 1], [1856394000, 3600, 0], [1869094800, 7200, 1], [1887843600, 3600, 0], [1901149200, 7200, 1], [1919293200, 3600, 0]]}, "online": {"status": 1, "bindId": "M9b6DfB5q1qoGkbW", "who": 1}}, "digest": {"togglex": [{"channel": 0, "onoff": 1, "lmTime": 1634059249}], "triggerx": [], "timerx": [], "light": {"capacity": 6, "channel": 0, "rgb": 2097407, "temperature": 11, "luminance": 100, "transform": 0}}}}
2021/10/12 - 19:20:56	http	GET	Appliance.System.All	{"all": {}}
2021/10/12 - 19:20:56	http	GETACK	Appliance.System.All	{"all": {"system": {"hardware": {"type": "msl320cpr", "subType": "un", "version": "4.0.0", "chipType": "rtl8710cm", "uuid": "", "macAddress": ""}, "firmware": {"version": "4.3.1", "homekitVersion": "4.1", "compileTime": "2021/04/13-18:12:16", "encrypt": 1, "wifiMac": "", "innerIp": "", "server": "", "port": "", "userId": ""}, "time": {"timestamp": 1634059255, "timezone": "Europe/Rome", "timeRule": [[1616893200, 7200, 1], [1635642000, 3600, 0], [1648342800, 7200, 1], [1667091600, 3600, 0], [1679792400, 7200, 1], [1698541200, 3600, 0], [1711846800, 7200, 1], [1729990800, 3600, 0], [1743296400, 7200, 1], [1761440400, 3600, 0], [1774746000, 7200, 1], [1792890000, 3600, 0], [1806195600, 7200, 1], [1824944400, 3600, 0], [1837645200, 7200, 1], [1856394000, 3600, 0], [1869094800, 7200, 1], [1887843600, 3600, 0], [1901149200, 7200, 1], [1919293200, 3600, 0]]}, "online": {"status": 1, "bindId": "M9b6DfB5q1qoGkbW", "who": 1}}, "digest": {"togglex": [{"channel": 0, "onoff": 0, "lmTime": 1634059254}], "triggerx": [], "timerx": [], "light": {"capacity": 6, "channel": 0, "rgb": 2097407, "temperature": 11, "luminance": 100, "transform": 0}}}}
2021/10/12 - 19:21:01	http	GET	Appliance.System.All	{"all": {}}
2021/10/12 - 19:21:01	http	GETACK	Appliance.System.All	{"all": {"system": {"hardware": {"type": "msl320cpr", "subType": "un", "version": "4.0.0", "chipType": "rtl8710cm", "uuid": "", "macAddress": ""}, "firmware": {"version": "4.3.1", "homekitVersion": "4.1", "compileTime": "2021/04/13-18:12:16", "encrypt": 1, "wifiMac": "", "innerIp": "", "server": "", "port": "", "userId": ""}, "time": {"timestamp": 1634059261, "timezone": "Europe/Rome", "timeRule": [[1616893200, 7200, 1], [1635642000, 3600, 0], [1648342800, 7200, 1], [1667091600, 3600, 0], [1679792400, 7200, 1], [1698541200, 3600, 0], [1711846800, 7200, 1], [1729990800, 3600, 0], [1743296400, 7200, 1], [1761440400, 3600, 0], [1774746000, 7200, 1], [1792890000, 3600, 0], [1806195600, 7200, 1], [1824944400, 3600, 0], [1837645200, 7200, 1], [1856394000, 3600, 0], [1869094800, 7200, 1], [1887843600, 3600, 0], [1901149200, 7200, 1], [1919293200, 3600, 0]]}, "online": {"status": 1, "bindId": "M9b6DfB5q1qoGkbW", "who": 1}}, "digest": {"togglex": [{"channel": 0, "onoff": 0, "lmTime": 1634059254}], "triggerx": [], "timerx": [], "light": {"capacity": 6, "channel": 0, "rgb": 2097407, "temperature": 11, "luminance": 100, "transform": 0}}}}
2021/10/12 - 19:21:06	http	GET	Appliance.System.All	{"all": {}}
2021/10/12 - 19:21:06	http	GETACK	Appliance.System.All	{"all": {"system": {"hardware": {"type": "msl320cpr", "subType": "un", "version": "4.0.0", "chipType": "rtl8710cm", "uuid": "", "macAddress": ""}, "firmware": {"version": "4.3.1", "homekitVersion": "4.1", "compileTime": "2021/04/13-18:12:16", "encrypt": 1, "wifiMac": "", "innerIp": "", "server": "", "port": "", "userId": ""}, "time": {"timestamp": 1634059265, "timezone": "Europe/Rome", "timeRule": [[1616893200, 7200, 1], [1635642000, 3600, 0], [1648342800, 7200, 1], [1667091600, 3600, 0], [1679792400, 7200, 1], [1698541200, 3600, 0], [1711846800, 7200, 1], [1729990800, 3600, 0], [1743296400, 7200, 1], [1761440400, 3600, 0], [1774746000, 7200, 1], [1792890000, 3600, 0], [1806195600, 7200, 1], [1824944400, 3600, 0], [1837645200, 7200, 1], [1856394000, 3600, 0], [1869094800, 7200, 1], [1887843600, 3600, 0], [1901149200, 7200, 1], [1919293200, 3600, 0]]}, "online": {"status": 1, "bindId": "M9b6DfB5q1qoGkbW", "who": 1}}, "digest": {"togglex": [{"channel": 0, "onoff": 1, "lmTime": 1634059265}], "triggerx": [], "timerx": [], "light": {"capacity": 6, "channel": 0, "rgb": 2097407, "temperature": 11, "luminance": 100, "transform": 0}}}}
2021/10/12 - 19:21:11	http	GET	Appliance.System.All	{"all": {}}
2021/10/12 - 19:21:11	http	GETACK	Appliance.System.All	{"all": {"system": {"hardware": {"type": "msl320cpr", "subType": "un", "version": "4.0.0", "chipType": "rtl8710cm", "uuid": "", "macAddress": ""}, "firmware": {"version": "4.3.1", "homekitVersion": "4.1", "compileTime": "2021/04/13-18:12:16", "encrypt": 1, "wifiMac": "", "innerIp": "", "server": "", "port": "", "userId": ""}, "time": {"timestamp": 1634059270, "timezone": "Europe/Rome", "timeRule": [[1616893200, 7200, 1], [1635642000, 3600, 0], [1648342800, 7200, 1], [1667091600, 3600, 0], [1679792400, 7200, 1], [1698541200, 3600, 0], [1711846800, 7200, 1], [1729990800, 3600, 0], [1743296400, 7200, 1], [1761440400, 3600, 0], [1774746000, 7200, 1], [1792890000, 3600, 0], [1806195600, 7200, 1], [1824944400, 3600, 0], [1837645200, 7200, 1], [1856394000, 3600, 0], [1869094800, 7200, 1], [1887843600, 3600, 0], [1901149200, 7200, 1], [1919293200, 3600, 0]]}, "online": {"status": 1, "bindId": "M9b6DfB5q1qoGkbW", "who": 1}}, "digest": {"togglex": [{"channel": 0, "onoff": 1, "lmTime": 1634059266}], "triggerx": [], "timerx": [], "light": {"capacity": 5, "channel": 0, "rgb": 16711680, "temperature": 11, "luminance": 100, "transform": 0}}}}
2021/10/12 - 19:21:16	http	GET	Appliance.System.All	{"all": {}}
2021/10/12 - 19:21:16	http	GETACK	Appliance.System.All	{"all": {"system": {"hardware": {"type": "msl320cpr", "subType": "un", "version": "4.0.0", "chipType": "rtl8710cm", "uuid": "", "macAddress": ""}, "firmware": {"version": "4.3.1", "homekitVersion": "4.1", "compileTime": "2021/04/13-18:12:16", "encrypt": 1, "wifiMac": "", "innerIp": "", "server": "", "port": "", "userId": ""}, "time": {"timestamp": 1634059275, "timezone": "Europe/Rome", "timeRule": [[1616893200, 7200, 1], [1635642000, 3600, 0], [1648342800, 7200, 1], [1667091600, 3600, 0], [1679792400, 7200, 1], [1698541200, 3600, 0], [1711846800, 7200, 1], [1729990800, 3600, 0], [1743296400, 7200, 1], [1761440400, 3600, 0], [1774746000, 7200, 1], [1792890000, 3600, 0], [1806195600, 7200, 1], [1824944400, 3600, 0], [1837645200, 7200, 1], [1856394000, 3600, 0], [1869094800, 7200, 1], [1887843600, 3600, 0], [1901149200, 7200, 1], [1919293200, 3600, 0]]}, "online": {"status": 1, "bindId": "M9b6DfB5q1qoGkbW", "who": 1}}, "digest": {"togglex": [{"channel": 0, "onoff": 1, "lmTime": 1634059266}], "triggerx": [], "timerx": [], "light": {"capacity": 5, "channel": 0, "rgb": 16711680, "temperature": 11, "luminance": 100, "transform": 0}}}}
2021/10/12 - 19:21:21	http	GET	Appliance.System.All	{"all": {}}
2021/10/12 - 19:21:21	http	GETACK	Appliance.System.All	{"all": {"system": {"hardware": {"type": "msl320cpr", "subType": "un", "version": "4.0.0", "chipType": "rtl8710cm", "uuid": "", "macAddress": ""}, "firmware": {"version": "4.3.1", "homekitVersion": "4.1", "compileTime": "2021/04/13-18:12:16", "encrypt": 1, "wifiMac": "", "innerIp": "", "server": "", "port": "", "userId": ""}, "time": {"timestamp": 1634059280, "timezone": "Europe/Rome", "timeRule": [[1616893200, 7200, 1], [1635642000, 3600, 0], [1648342800, 7200, 1], [1667091600, 3600, 0], [1679792400, 7200, 1], [1698541200, 3600, 0], [1711846800, 7200, 1], [1729990800, 3600, 0], [1743296400, 7200, 1], [1761440400, 3600, 0], [1774746000, 7200, 1], [1792890000, 3600, 0], [1806195600, 7200, 1], [1824944400, 3600, 0], [1837645200, 7200, 1], [1856394000, 3600, 0], [1869094800, 7200, 1], [1887843600, 3600, 0], [1901149200, 7200, 1], [1919293200, 3600, 0]]}, "online": {"status": 1, "bindId": "M9b6DfB5q1qoGkbW", "who": 1}}, "digest": {"togglex": [{"channel": 0, "onoff": 1, "lmTime": 1634059266}], "triggerx": [], "timerx": [], "light": {"capacity": 5, "channel": 0, "rgb": 16772608, "temperature": 11, "luminance": 100, "transform": 0}}}}
2021/10/12 - 19:21:26	http	GET	Appliance.System.All	{"all": {}}
2021/10/12 - 19:21:26	http	GETACK	Appliance.System.All	{"all": {"system": {"hardware": {"type": "msl320cpr", "subType": "un", "version": "4.0.0", "chipType": "rtl8710cm", "uuid": "", "macAddress": ""}, "firmware": {"version": "4.3.1", "homekitVersion": "4.1", "compileTime": "2021/04/13-18:12:16", "encrypt": 1, "wifiMac": "", "innerIp": "", "server": "", "port": "", "userId": ""}, "time": {"timestamp": 1634059285, "timezone": "Europe/Rome", "timeRule": [[1616893200, 7200, 1], [1635642000, 3600, 0], [1648342800, 7200, 1], [1667091600, 3600, 0], [1679792400, 7200, 1], [1698541200, 3600, 0], [1711846800, 7200, 1], [1729990800, 3600, 0], [1743296400, 7200, 1], [1761440400, 3600, 0], [1774746000, 7200, 1], [1792890000, 3600, 0], [1806195600, 7200, 1], [1824944400, 3600, 0], [1837645200, 7200, 1], [1856394000, 3600, 0], [1869094800, 7200, 1], [1887843600, 3600, 0], [1901149200, 7200, 1], [1919293200, 3600, 0]]}, "online": {"status": 1, "bindId": "M9b6DfB5q1qoGkbW", "who": 1}}, "digest": {"togglex": [{"channel": 0, "onoff": 1, "lmTime": 1634059266}], "triggerx": [], "timerx": [], "light": {"capacity": 5, "channel": 0, "rgb": 16772608, "temperature": 11, "luminance": 100, "transform": 0}}}}
2021/10/12 - 19:21:31	http	GET	Appliance.System.All	{"all": {}}
2021/10/12 - 19:21:31	http	GETACK	Appliance.System.All	{"all": {"system": {"hardware": {"type": "msl320cpr", "subType": "un", "version": "4.0.0", "chipType": "rtl8710cm", "uuid": "", "macAddress": ""}, "firmware": {"version": "4.3.1", "homekitVersion": "4.1", "compileTime": "2021/04/13-18:12:16", "encrypt": 1, "wifiMac": "", "innerIp": "", "server": "", "port": "", "userId": ""}, "time": {"timestamp": 1634059290, "timezone": "Europe/Rome", "timeRule": [[1616893200, 7200, 1], [1635642000, 3600, 0], [1648342800, 7200, 1], [1667091600, 3600, 0], [1679792400, 7200, 1], [1698541200, 3600, 0], [1711846800, 7200, 1], [1729990800, 3600, 0], [1743296400, 7200, 1], [1761440400, 3600, 0], [1774746000, 7200, 1], [1792890000, 3600, 0], [1806195600, 7200, 1], [1824944400, 3600, 0], [1837645200, 7200, 1], [1856394000, 3600, 0], [1869094800, 7200, 1], [1887843600, 3600, 0], [1901149200, 7200, 1], [1919293200, 3600, 0]]}, "online": {"status": 1, "bindId": "M9b6DfB5q1qoGkbW", "who": 1}}, "digest": {"togglex": [{"channel": 0, "onoff": 1, "lmTime": 1634059266}], "triggerx": [], "timerx": [], "light": {"capacity": 5, "channel": 0, "rgb": 16772608, "temperature": 11, "luminance": 100, "transform": 0}}}}
2021/10/12 - 19:21:36	http	GET	Appliance.System.All	{"all": {}}
2021/10/12 - 19:21:36	http	GETACK	Appliance.System.All	{"all": {"system": {"hardware": {"type": "msl320cpr", "subType": "un", "version": "4.0.0", "chipType": "rtl8710cm", "uuid": "", "macAddress": ""}, "firmware": {"version": "4.3.1", "homekitVersion": "4.1", "compileTime": "2021/04/13-18:12:16", "encrypt": 1, "wifiMac": "", "innerIp": "", "server": "", "port": "", "userId": ""}, "time": {"timestamp": 1634059295, "timezone": "Europe/Rome", "timeRule": [[1616893200, 7200, 1], [1635642000, 3600, 0], [1648342800, 7200, 1], [1667091600, 3600, 0], [1679792400, 7200, 1], [1698541200, 3600, 0], [1711846800, 7200, 1], [1729990800, 3600, 0], [1743296400, 7200, 1], [1761440400, 3600, 0], [1774746000, 7200, 1], [1792890000, 3600, 0], [1806195600, 7200, 1], [1824944400, 3600, 0], [1837645200, 7200, 1], [1856394000, 3600, 0], [1869094800, 7200, 1], [1887843600, 3600, 0], [1901149200, 7200, 1], [1919293200, 3600, 0]]}, "online": {"status": 1, "bindId": "M9b6DfB5q1qoGkbW", "who": 1}}, "digest": {"togglex": [{"channel": 0, "onoff": 1, "lmTime": 1634059266}], "triggerx": [], "timerx": [], "light": {"capacity": 5, "channel": 0, "rgb": 65494, "temperature": 11, "luminance": 100, "transform": 0}}}}
2021/10/12 - 19:21:41	http	GET	Appliance.System.All	{"all": {}}
2021/10/12 - 19:21:41	http	GETACK	Appliance.System.All	{"all": {"system": {"hardware": {"type": "msl320cpr", "subType": "un", "version": "4.0.0", "chipType": "rtl8710cm", "uuid": "", "macAddress": ""}, "firmware": {"version": "4.3.1", "homekitVersion": "4.1", "compileTime": "2021/04/13-18:12:16", "encrypt": 1, "wifiMac": "", "innerIp": "", "server": "", "port": "", "userId": ""}, "time": {"timestamp": 1634059300, "timezone": "Europe/Rome", "timeRule": [[1616893200, 7200, 1], [1635642000, 3600, 0], [1648342800, 7200, 1], [1667091600, 3600, 0], [1679792400, 7200, 1], [1698541200, 3600, 0], [1711846800, 7200, 1], [1729990800, 3600, 0], [1743296400, 7200, 1], [1761440400, 3600, 0], [1774746000, 7200, 1], [1792890000, 3600, 0], [1806195600, 7200, 1], [1824944400, 3600, 0], [1837645200, 7200, 1], [1856394000, 3600, 0], [1869094800, 7200, 1], [1887843600, 3600, 0], [1901149200, 7200, 1], [1919293200, 3600, 0]]}, "online": {"status": 1, "bindId": "M9b6DfB5q1qoGkbW", "who": 1}}, "digest": {"togglex": [{"channel": 0, "onoff": 1, "lmTime": 1634059266}], "triggerx": [], "timerx": [], "light": {"capacity": 5, "channel": 0, "rgb": 65494, "temperature": 11, "luminance": 100, "transform": 0}}}}
2021/10/12 - 19:21:46	http	GET	Appliance.System.All	{"all": {}}
2021/10/12 - 19:21:46	http	GETACK	Appliance.System.All	{"all": {"system": {"hardware": {"type": "msl320cpr", "subType": "un", "version": "4.0.0", "chipType": "rtl8710cm", "uuid": "", "macAddress": ""}, "firmware": {"version": "4.3.1", "homekitVersion": "4.1", "compileTime": "2021/04/13-18:12:16", "encrypt": 1, "wifiMac": "", "innerIp": "", "server": "", "port": "", "userId": ""}, "time": {"timestamp": 1634059305, "timezone": "Europe/Rome", "timeRule": [[1616893200, 7200, 1], [1635642000, 3600, 0], [1648342800, 7200, 1], [1667091600, 3600, 0], [1679792400, 7200, 1], [1698541200, 3600, 0], [1711846800, 7200, 1], [1729990800, 3600, 0], [1743296400, 7200, 1], [1761440400, 3600, 0], [1774746000, 7200, 1], [1792890000, 3600, 0], [1806195600, 7200, 1], [1824944400, 3600, 0], [1837645200, 7200, 1], [1856394000, 3600, 0], [1869094800, 7200, 1], [1887843600, 3600, 0], [1901149200, 7200, 1], [1919293200, 3600, 0]]}, "online": {"status": 1, "bindId": "M9b6DfB5q1qoGkbW", "who": 1}}, "digest": {"togglex": [{"channel": 0, "onoff": 1, "lmTime": 1634059266}], "triggerx": [], "timerx": [], "light": {"effect": 4, "capacity": 13, "channel": 0, "rgb": 65494, "temperature": 11, "luminance": 100, "transform": 0}}}}
2021/10/12 - 19:21:51	http	GET	Appliance.System.All	{"all": {}}
2021/10/12 - 19:21:51	http	GETACK	Appliance.System.All	{"all": {"system": {"hardware": {"type": "msl320cpr", "subType": "un", "version": "4.0.0", "chipType": "rtl8710cm", "uuid": "", "macAddress": ""}, "firmware": {"version": "4.3.1", "homekitVersion": "4.1", "compileTime": "2021/04/13-18:12:16", "encrypt": 1, "wifiMac": "", "innerIp": "", "server": "", "port": "", "userId": ""}, "time": {"timestamp": 1634059310, "timezone": "Europe/Rome", "timeRule": [[1616893200, 7200, 1], [1635642000, 3600, 0], [1648342800, 7200, 1], [1667091600, 3600, 0], [1679792400, 7200, 1], [1698541200, 3600, 0], [1711846800, 7200, 1], [1729990800, 3600, 0], [1743296400, 7200, 1], [1761440400, 3600, 0], [1774746000, 7200, 1], [1792890000, 3600, 0], [1806195600, 7200, 1], [1824944400, 3600, 0], [1837645200, 7200, 1], [1856394000, 3600, 0], [1869094800, 7200, 1], [1887843600, 3600, 0], [1901149200, 7200, 1], [1919293200, 3600, 0]]}, "online": {"status": 1, "bindId": "M9b6DfB5q1qoGkbW", "who": 1}}, "digest": {"togglex": [{"channel": 0, "onoff": 1, "lmTime": 1634059266}], "triggerx": [], "timerx": [], "light": {"effect": 4, "capacity": 13, "channel": 0, "rgb": 65494, "temperature": 11, "luminance": 100, "transform": 0}}}}
2021/10/12 - 19:21:56	http	GET	Appliance.System.All	{"all": {}}
2021/10/12 - 19:21:56	http	GETACK	Appliance.System.All	{"all": {"system": {"hardware": {"type": "msl320cpr", "subType": "un", "version": "4.0.0", "chipType": "rtl8710cm", "uuid": "", "macAddress": ""}, "firmware": {"version": "4.3.1", "homekitVersion": "4.1", "compileTime": "2021/04/13-18:12:16", "encrypt": 1, "wifiMac": "", "innerIp": "", "server": "", "port": "", "userId": ""}, "time": {"timestamp": 1634059315, "timezone": "Europe/Rome", "timeRule": [[1616893200, 7200, 1], [1635642000, 3600, 0], [1648342800, 7200, 1], [1667091600, 3600, 0], [1679792400, 7200, 1], [1698541200, 3600, 0], [1711846800, 7200, 1], [1729990800, 3600, 0], [1743296400, 7200, 1], [1761440400, 3600, 0], [1774746000, 7200, 1], [1792890000, 3600, 0], [1806195600, 7200, 1], [1824944400, 3600, 0], [1837645200, 7200, 1], [1856394000, 3600, 0], [1869094800, 7200, 1], [1887843600, 3600, 0], [1901149200, 7200, 1], [1919293200, 3600, 0]]}, "online": {"status": 1, "bindId": "M9b6DfB5q1qoGkbW", "who": 1}}, "digest": {"togglex": [{"channel": 0, "onoff": 1, "lmTime": 1634059266}], "triggerx": [], "timerx": [], "light": {"effect": 4, "capacity": 13, "channel": 0, "rgb": 65494, "temperature": 11, "luminance": 100, "transform": 0}}}}
2021/10/12 - 19:22:01	http	GET	Appliance.System.All	{"all": {}}
2021/10/12 - 19:22:01	http	GETACK	Appliance.System.All	{"all": {"system": {"hardware": {"type": "msl320cpr", "subType": "un", "version": "4.0.0", "chipType": "rtl8710cm", "uuid": "", "macAddress": ""}, "firmware": {"version": "4.3.1", "homekitVersion": "4.1", "compileTime": "2021/04/13-18:12:16", "encrypt": 1, "wifiMac": "", "innerIp": "", "server": "", "port": "", "userId": ""}, "time": {"timestamp": 1634059320, "timezone": "Europe/Rome", "timeRule": [[1616893200, 7200, 1], [1635642000, 3600, 0], [1648342800, 7200, 1], [1667091600, 3600, 0], [1679792400, 7200, 1], [1698541200, 3600, 0], [1711846800, 7200, 1], [1729990800, 3600, 0], [1743296400, 7200, 1], [1761440400, 3600, 0], [1774746000, 7200, 1], [1792890000, 3600, 0], [1806195600, 7200, 1], [1824944400, 3600, 0], [1837645200, 7200, 1], [1856394000, 3600, 0], [1869094800, 7200, 1], [1887843600, 3600, 0], [1901149200, 7200, 1], [1919293200, 3600, 0]]}, "online": {"status": 1, "bindId": "M9b6DfB5q1qoGkbW", "who": 1}}, "digest": {"togglex": [{"channel": 0, "onoff": 0, "lmTime": 1634059319}], "triggerx": [], "timerx": [], "light": {"effect": 4, "capacity": 13, "channel": 0, "rgb": 65494, "temperature": 11, "luminance": 100, "transform": 0}}}}
2021/10/12 - 19:22:06	http	GET	Appliance.System.All	{"all": {}}
2021/10/12 - 19:22:06	http	GETACK	Appliance.System.All	{"all": {"system": {"hardware": {"type": "msl320cpr", "subType": "un", "version": "4.0.0", "chipType": "rtl8710cm", "uuid": "", "macAddress": ""}, "firmware": {"version": "4.3.1", "homekitVersion": "4.1", "compileTime": "2021/04/13-18:12:16", "encrypt": 1, "wifiMac": "", "innerIp": "", "server": "", "port": "", "userId": ""}, "time": {"timestamp": 1634059325, "timezone": "Europe/Rome", "timeRule": [[1616893200, 7200, 1], [1635642000, 3600, 0], [1648342800, 7200, 1], [1667091600, 3600, 0], [1679792400, 7200, 1], [1698541200, 3600, 0], [1711846800, 7200, 1], [1729990800, 3600, 0], [1743296400, 7200, 1], [1761440400, 3600, 0], [1774746000, 7200, 1], [1792890000, 3600, 0], [1806195600, 7200, 1], [1824944400, 3600, 0], [1837645200, 7200, 1], [1856394000, 3600, 0], [1869094800, 7200, 1], [1887843600, 3600, 0], [1901149200, 7200, 1], [1919293200, 3600, 0]]}, "online": {"status": 1, "bindId": "M9b6DfB5q1qoGkbW", "who": 1}}, "digest": {"togglex": [{"channel": 0, "onoff": 0, "lmTime": 1634059319}], "triggerx": [], "timerx": [], "light": {"effect": 4, "capacity": 13, "channel": 0, "rgb": 65494, "temperature": 11, "luminance": 100, "transform": 0}}}}
2021/10/12 - 19:22:11	http	GET	Appliance.System.All	{"all": {}}
2021/10/12 - 19:22:11	http	GETACK	Appliance.System.All	{"all": {"system": {"hardware": {"type": "msl320cpr", "subType": "un", "version": "4.0.0", "chipType": "rtl8710cm", "uuid": "", "macAddress": ""}, "firmware": {"version": "4.3.1", "homekitVersion": "4.1", "compileTime": "2021/04/13-18:12:16", "encrypt": 1, "wifiMac": "", "innerIp": "", "server": "", "port": "", "userId": ""}, "time": {"timestamp": 1634059330, "timezone": "Europe/Rome", "timeRule": [[1616893200, 7200, 1], [1635642000, 3600, 0], [1648342800, 7200, 1], [1667091600, 3600, 0], [1679792400, 7200, 1], [1698541200, 3600, 0], [1711846800, 7200, 1], [1729990800, 3600, 0], [1743296400, 7200, 1], [1761440400, 3600, 0], [1774746000, 7200, 1], [1792890000, 3600, 0], [1806195600, 7200, 1], [1824944400, 3600, 0], [1837645200, 7200, 1], [1856394000, 3600, 0], [1869094800, 7200, 1], [1887843600, 3600, 0], [1901149200, 7200, 1], [1919293200, 3600, 0]]}, "online": {"status": 1, "bindId": "M9b6DfB5q1qoGkbW", "who": 1}}, "digest": {"togglex": [{"channel": 0, "onoff": 0, "lmTime": 1634059319}], "triggerx": [], "timerx": [], "light": {"effect": 4, "capacity": 13, "channel": 0, "rgb": 65494, "temperature": 11, "luminance": 100, "transform": 0}}}}
2021/10/12 - 19:22:16	http	GET	Appliance.System.All	{"all": {}}
2021/10/12 - 19:22:16	http	GETACK	Appliance.System.All	{"all": {"system": {"hardware": {"type": "msl320cpr", "subType": "un", "version": "4.0.0", "chipType": "rtl8710cm", "uuid": "", "macAddress": ""}, "firmware": {"version": "4.3.1", "homekitVersion": "4.1", "compileTime": "2021/04/13-18:12:16", "encrypt": 1, "wifiMac": "", "innerIp": "", "server": "", "port": "", "userId": ""}, "time": {"timestamp": 1634059335, "timezone": "Europe/Rome", "timeRule": [[1616893200, 7200, 1], [1635642000, 3600, 0], [1648342800, 7200, 1], [1667091600, 3600, 0], [1679792400, 7200, 1], [1698541200, 3600, 0], [1711846800, 7200, 1], [1729990800, 3600, 0], [1743296400, 7200, 1], [1761440400, 3600, 0], [1774746000, 7200, 1], [1792890000, 3600, 0], [1806195600, 7200, 1], [1824944400, 3600, 0], [1837645200, 7200, 1], [1856394000, 3600, 0], [1869094800, 7200, 1], [1887843600, 3600, 0], [1901149200, 7200, 1], [1919293200, 3600, 0]]}, "online": {"status": 1, "bindId": "M9b6DfB5q1qoGkbW", "who": 1}}, "digest": {"togglex": [{"channel": 0, "onoff": 0, "lmTime": 1634059319}], "triggerx": [], "timerx": [], "light": {"effect": 4, "capacity": 13, "channel": 0, "rgb": 65494, "temperature": 11, "luminance": 100, "transform": 0}}}}
2021/10/12 - 19:22:21	http	GET	Appliance.System.All	{"all": {}}
2021/10/12 - 19:22:21	http	GETACK	Appliance.System.All	{"all": {"system": {"hardware": {"type": "msl320cpr", "subType": "un", "version": "4.0.0", "chipType": "rtl8710cm", "uuid": "", "macAddress": ""}, "firmware": {"version": "4.3.1", "homekitVersion": "4.1", "compileTime": "2021/04/13-18:12:16", "encrypt": 1, "wifiMac": "", "innerIp": "", "server": "", "port": "", "userId": ""}, "time": {"timestamp": 1634059340, "timezone": "Europe/Rome", "timeRule": [[1616893200, 7200, 1], [1635642000, 3600, 0], [1648342800, 7200, 1], [1667091600, 3600, 0], [1679792400, 7200, 1], [1698541200, 3600, 0], [1711846800, 7200, 1], [1729990800, 3600, 0], [1743296400, 7200, 1], [1761440400, 3600, 0], [1774746000, 7200, 1], [1792890000, 3600, 0], [1806195600, 7200, 1], [1824944400, 3600, 0], [1837645200, 7200, 1], [1856394000, 3600, 0], [1869094800, 7200, 1], [1887843600, 3600, 0], [1901149200, 7200, 1], [1919293200, 3600, 0]]}, "online": {"status": 1, "bindId": "M9b6DfB5q1qoGkbW", "who": 1}}, "digest": {"togglex": [{"channel": 0, "onoff": 0, "lmTime": 1634059319}], "triggerx": [], "timerx": [], "light": {"effect": 4, "capacity": 13, "channel": 0, "rgb": 65494, "temperature": 11, "luminance": 100, "transform": 0}}}}
2021/10/12 - 19:22:26	http	GET	Appliance.System.All	{"all": {}}
2021/10/12 - 19:22:26	http	GETACK	Appliance.System.All	{"all": {"system": {"hardware": {"type": "msl320cpr", "subType": "un", "version": "4.0.0", "chipType": "rtl8710cm", "uuid": "", "macAddress": ""}, "firmware": {"version": "4.3.1", "homekitVersion": "4.1", "compileTime": "2021/04/13-18:12:16", "encrypt": 1, "wifiMac": "", "innerIp": "", "server": "", "port": "", "userId": ""}, "time": {"timestamp": 1634059345, "timezone": "Europe/Rome", "timeRule": [[1616893200, 7200, 1], [1635642000, 3600, 0], [1648342800, 7200, 1], [1667091600, 3600, 0], [1679792400, 7200, 1], [1698541200, 3600, 0], [1711846800, 7200, 1], [1729990800, 3600, 0], [1743296400, 7200, 1], [1761440400, 3600, 0], [1774746000, 7200, 1], [1792890000, 3600, 0], [1806195600, 7200, 1], [1824944400, 3600, 0], [1837645200, 7200, 1], [1856394000, 3600, 0], [1869094800, 7200, 1], [1887843600, 3600, 0], [1901149200, 7200, 1], [1919293200, 3600, 0]]}, "online": {"status": 1, "bindId": "M9b6DfB5q1qoGkbW", "who": 1}}, "digest": {"togglex": [{"channel": 0, "onoff": 0, "lmTime": 1634059319}], "triggerx": [], "timerx": [], "light": {"effect": 4, "capacity": 13, "channel": 0, "rgb": 65494, "temperature": 11, "luminance": 100, "transform": 0}}}}
